feature_id,feature_display,protein_group,gene_symbol,protein_description,logFC,adj.P.Val,dataset
Q148H7|NLDLDSIIAEVK,Q148H7,Q148H7,,,-2.401686683333338,2.7776046553183056e-06,proteomics
Q9XSC6|ALTLEIYKK,Q9XSC6,Q9XSC6,,,-2.156835836666666,5.412322066723006e-06,proteomics
P02070|AAVTAFWGK,P02070,P02070,,,-1.3945983066666692,7.17538718220433e-06,proteomics
A5PKH3|AFLQNLLSASQAR,A5PKH3,A5PKH3,,,0.9111800866666648,8.846295738478555e-06,proteomics
Q28178|AQGYSGLSVK,Q28178,Q28178,,,-0.9162888333333256,8.8622691928136e-06,proteomics
Q3MHL4|AGIPVYAWK,Q3MHL4,Q3MHL4,,,0.754900339999999,8.8622691928136e-06,proteomics
Q08DP0|AYQDQKPGTSGLR,Q08DP0,Q08DP0,,,0.7505964099999964,1.1782728868349383e-05,proteomics
Q0VCA8|AWVEENR,Q0VCA8,Q0VCA8,,,0.7549676966666645,1.1782728868349383e-05,proteomics
Q29RU4|AVGYQYFR,Q29RU4,Q29RU4,,,-0.8470541666666733,1.3870886199673157e-05,proteomics
Q9TRY0|AQLVVCQQR,Q9TRY0,Q9TRY0,,,0.7349395799999989,1.7640400872369598e-05,proteomics
Q5EA20|EPWVEQDK,Q5EA20,Q5EA20,,,0.7616280433333351,1.7654305461874427e-05,proteomics
Q5I597|AHLMSQPLAYHTPDCGK,Q5I597,Q5I597,,,0.9592531699999932,1.7737140864421916e-05,proteomics
Q9TTJ5|GLLQQPEAGGIFK,Q9TTJ5,Q9TTJ5,,,1.0302694700000004,1.7737140864421916e-05,proteomics
A6H768|DLMSTEAFR,A6H768,A6H768,,,0.7219197499999979,1.7737140864421916e-05,proteomics
A7YY28|AVAIDLPGLGR,A7YY28,A7YY28,,,0.8024844733333367,1.774111301500195e-05,proteomics
Q3SZJ4|ELHLQGFVVYR,Q3SZJ4,Q3SZJ4,,,0.8703130199999976,1.799190195292895e-05,proteomics
P19217|EDVIFNR,None #12,P19217,,novel transcript,0.9219823866666664,2.0457834505722247e-05,proteomics
Q58DK5|DAAQSSPAFGDRR,Q58DK5,Q58DK5,,,0.7316437333333354,2.259641574841576e-05,proteomics
P02510|HFSPEELK,P02510,P02510,,,-1.393598670000003,2.7134402627351182e-05,proteomics
Q3SZR3|AIQAAFFYLEPR,Q3SZR3,Q3SZR3,,,-0.5861561099999975,2.8350322522758024e-05,proteomics
Q32L41|MEVGPTVVGDEHSDPELMQHLGASK,Q32L41,Q32L41,,,1.1694055966666674,2.8350322522758024e-05,proteomics
P52898|AIDGLNSNMR,P52898,P52898,,,0.7681760000000004,2.8424837213712783e-05,proteomics
Q3MHN2|AIEDYINEFSVR,Q3MHN2,Q3MHN2,,,-0.7164493633333358,3.504195438189314e-05,proteomics
Q3ZC07|GYSFVTTAER,Q3ZC07,Q3ZC07,,,-1.0302001366666715,3.504195438189314e-05,proteomics
P00432|DALLFPSFIHSQK,P00432,P00432,,,0.6238855366666662,3.524589183513123e-05,proteomics
Q2NL29|ADNVIPGTR,Q2NL29,Q2NL29,,,0.7077979000000028,3.639323216138595e-05,proteomics
Q28107|AHKPLSIHAQGIK,Q28107,Q28107,,,-0.486312043333335,4.463800417755163e-05,proteomics
P00741|DYTNIFLK,P00741,P00741,,,-0.4853977199999981,4.91615001015005e-05,proteomics
Q2KIG3|AYISMHSYSQK,Q2KIG3,Q2KIG3,,,-0.4877865099999994,5.2912025642548446e-05,proteomics
Q5E9P9|GLLEEDFQK,Q5E9P9,Q5E9P9,,,0.8120504100000012,5.471270668906383e-05,proteomics
Q0VCM4|AAPGYYMAK,Q0VCM4,Q0VCM4,,,0.6474950966666597,5.471270668906383e-05,proteomics
A5D7D1|ALDFIASK,A5D7D1,A5D7D1,,,0.60350038666666,5.471270668906383e-05,proteomics
Q2KJ32|CQPEPLVVK,Q2KJ32,Q2KJ32,,,0.8891719233333362,5.471270668906383e-05,proteomics
Q58D31|ALEAFETSK,Q58D31,Q58D31,,,0.5908865766666658,5.471270668906383e-05,proteomics
Q2KJ64|DIVYIGLR,Q2KJ64,Q2KJ64,,,0.7152712366666627,5.471270668906383e-05,proteomics
Q2KJC6|ELLDVVNK,Q2KJC6,Q2KJC6,,,0.6895650033333283,5.583904534463811e-05,proteomics
P68138|GYSFVTTAER,P68138,P68138,,,-0.599749453333331,5.583904534463811e-05,proteomics
Q0P5J4|VTMQNLNDR,Q0P5J4,Q0P5J4,,,-1.1960680199999985,5.583904534463811e-05,proteomics
Q0P5J6|VTMQNLNDR,Q0P5J6,Q0P5J6,,,-1.1960680199999985,5.583904534463811e-05,proteomics
Q148H6|VTMQNLNDR,Q148H6,Q148H6,,,-1.1960680199999985,5.583904534463811e-05,proteomics
Q3T149|DGVVEITGK,Q3T149,Q3T149,,,-0.787508416666661,5.583904534463811e-05,proteomics
Q32PJ2|KLVPFATELHER,Q32PJ2,Q32PJ2,,,-0.5705050833333303,6.007378188824208e-05,proteomics
Q3SZB7|DDPSEKDALQPGR,Q3SZB7,Q3SZB7,,,0.904631353333329,6.280745760942947e-05,proteomics
P46196|APEIMLNSK,P46196,P46196,,,0.6200893966666641,6.5754853408651e-05,proteomics
A7E3Q8|AVGDGIVLCK,A7E3Q8,A7E3Q8,,,0.6647764500000015,7.665850446245313e-05,proteomics
P52556|HDLGHFMLHCLTTDK,P52556,P52556,,,-0.5976712833333337,7.953792189552537e-05,proteomics
Q2TBQ3|LQDWALQQPHK,Q2TBQ3,Q2TBQ3,,,0.9332922799999964,8.474674924563836e-05,proteomics
A2I7N2|LTPEMLTR,A2I7N2,A2I7N2,,,-0.4421565100000038,8.840858171045538e-05,proteomics
P19034|TYLPAVDEK,P19034,P19034,,,-0.6656136200000056,9.14301006016576e-05,proteomics
P02722|GMGGAFVLVLYDEIKK,P02722,P02722,,,-1.0135766966666644,9.424275038882902e-05,proteomics
Q8SQH5|GMGGAFVLVLYDEIKK,Q8SQH5,Q8SQH5,,,-1.0135766966666644,9.424275038882902e-05,proteomics
Q5EA79|HLQEFHVNGFDHNFCLK,Q5EA79,Q5EA79,,,0.7796340966666548,9.427423252123711e-05,proteomics
Q0P5F9|AAFPGWSSR,Q0P5F9,Q0P5F9,,,0.9300137399999996,9.853165709421928e-05,proteomics
P98140|FFHENEIWHR,P98140,P98140,,,-0.4531996700000036,0.0001000625582741065,proteomics
P14568|APNSPDMLEIEFKK,MLIP,P14568,MLIP,muscular LMNA interacting protein [Source:HGNC Symbol;Acc:HGNC:21355],0.5577651133333283,0.0001009787273761064,proteomics
Q3MHR0|ALIDQEVK,Q3MHR0,Q3MHR0,,,0.7863382933333334,0.00011542408872927504,proteomics
P62803|DNIQGITKPAIR,P62803,P62803,,,-0.8578779266666743,0.00012735047431427512,proteomics
Q3ZCJ2|ALGLSNFNSR,Q3ZCJ2,Q3ZCJ2,,,0.9392436466666644,0.00013607566344562167,proteomics
Q3ZBA8|RPAILTYHDVGLNYK,Q3ZBA8,Q3ZBA8,,,0.8454632833333307,0.00013934337391696637,proteomics
O46415|ALFLDVQKPSQDEWGK,O46415,O46415,,,0.8751171833333338,0.00013934337391696637,proteomics
P12378|EQIVVDLSHPGVSK,None #6,P12378,,"novel transcript, sense overlapping to STPG2",0.6288210366666647,0.00013934337391696637,proteomics
Q32KY0|CPHPPVQENFDVNK,Q32KY0,Q32KY0,,,-0.3901903700000062,0.00014493599163932687,proteomics
O18879|AILNYIATK,O18879,O18879,,,1.0068783133333348,0.00015759947605508928,proteomics
P62739|IWHHSFYNELR,P62739,P62739,,,-0.8841388466666693,0.00015773470621743436,proteomics
P07589|CDPHEATCYDDGK,P07589,P07589,,,-0.4299209733333349,0.00016030854601103024,proteomics
P25975|IIDLHNQEYSEGK,GREP1,P25975,GREP1,glycine rich extracellular protein 1 [Source:HGNC Symbol;Acc:HGNC:27549],-0.4340487433333351,0.00016030854601103024,proteomics
Q5E998|IIDLHNQEYSEGK,Q5E998,Q5E998,,,-0.4340487433333351,0.00016030854601103024,proteomics
P33097|HIYLLPSGR,P33097,P33097,,,-0.7027001533333319,0.00016073418927,proteomics
P35541|FTDPLFK,P35541,P35541,,,-0.646882316666666,0.00016073418927,proteomics
Q3SZ65|DFTVSALHGDMDQK,Q3SZ65,Q3SZ65,,,0.7794119033333331,0.00016073418927,proteomics
Q9XSG3|ATDFVVPGPGK,Q9XSG3,Q9XSG3,,,0.5347088266666624,0.00016073418927,proteomics
Q5EAD2|ALVNHENVISCPHLGASTK,Q5EAD2,Q5EAD2,,,0.6423499166666709,0.00016073418927,proteomics
Q5NTB3|CTDDTHCHFFTFATR,Q5NTB3,Q5NTB3,,,-0.3957842233333295,0.00016073418927,proteomics
Q5E9E3|DNVVVFGK,Q5E9E3,Q5E9E3,,,-0.5098344833333393,0.00016073418927,proteomics
Q3SYU2|DLEEDHACIPIK,Q3SYU2,Q3SYU2,,,0.5138534866666618,0.00016073418927,proteomics
Q3ZC42|GLMPDGTSR,Q3ZC42,Q3ZC42,,,0.7423585199999962,0.00017300950861405925,proteomics
Q58DK4|GLCGTVLIHK,Q58DK4,Q58DK4,,,0.6483022033333334,0.00017300950861405925,proteomics
P33433|AVNPTGCDAVEPVAVR,CPLX3,P33433,CPLX3,complexin 3 [Source:HGNC Symbol;Acc:HGNC:27652],-0.5590303100000042,0.00017884652784372926,proteomics
P15497|AKPVLEDLR,None #10,P15497,,novel transcript,-0.4655826099999984,0.00017884652784372926,proteomics
Q10741|FSLCSIR,Q10741,Q10741,,,-1.4005258000000076,0.00018212361693769203,proteomics
Q2HJF4|GGELTISLR,Q2HJF4,Q2HJF4,,,0.658698853333334,0.00020168323302188396,proteomics
P79334|DIVNMLMHHDR,P79334,P79334,,,-2.377102589999996,0.0002048162280338706,proteomics
Q3SYR5|AHSLCPQLLCR,Q3SYR5,Q3SYR5,,,-0.662511506666668,0.0002048162280338706,proteomics
O02659|KMPFNEVK,O02659,O02659,,,-0.5359337033333347,0.00021080722211380383,proteomics
Q3SZV7|DGWHSWR,Q3SZV7,Q3SZV7,,,-0.4356816233333376,0.00021080722211380383,proteomics
Q3T063|CSGVASMAAAAVETAR,Q3T063,Q3T063,,,0.8837946733333304,0.0002181638806142894,proteomics
P00515|AASAYAVGDVK,P00515,P00515,,,0.5035289433333325,0.00022582406089713145,proteomics
P80012|CPCPVLLEYAR,P80012,P80012,,,-0.4603999666666816,0.0002383821346290106,proteomics
Q2TBW7|LHASVEALVCHR,Q2TBW7,Q2TBW7,,,0.7351972099999919,0.0002545847096797546,proteomics
Q3ZC09|GNPTVEVDLHTAK,Q3ZC09,Q3ZC09,,,0.5207255133333355,0.0002545847096797546,proteomics
Q32LP2|ALELDQER,Q32LP2,Q32LP2,,,0.6466895133333317,0.0002545847096797546,proteomics
Q3B7M9|ARPEYMLPVHFYGR,Q3B7M9,Q3B7M9,,,-0.930888253333336,0.0002545847096797546,proteomics
P54149|IVSPQEALPGRK,P54149,P54149,,,0.7210053400000049,0.00027444393933302594,proteomics
Q2KJH6|AVLSAEQLR,Q2KJH6,Q2KJH6,,,-0.3362772733333337,0.00028434923797472905,proteomics
Q2KIT0|DLQEDTGVFTCR,Q2KIT0,Q2KIT0,,,-0.355783769999995,0.00029187707701130576,proteomics
Q29437|GGPYLHPVGLELLVDHK,Q29437,Q29437,,,-0.3540088433333359,0.00029187707701130576,proteomics
Q28035|FIEKPEDLDK,Q28035,Q28035,,,0.9022774799999952,0.00029455496671429015,proteomics
Q28065|ALCLKPEIEYGR,Q28065,Q28065,,,-0.4701080933333408,0.00030355762026699866,proteomics
Q2KJ63|ANIPLISNEECQK,Q2KJ63,Q2KJ63,,,-0.3360883833333403,0.0003086284337984864,proteomics
Q3SZ79|FSQGLCLSCK,Q3SZ79,Q3SZ79,,,-0.8231796233333455,0.0003174493391754803,proteomics
Q3SZR8|AFGYYGPLR,Q3SZR8,Q3SZR8,,,2.79191350666666,0.0003280096886213233,proteomics
Q3B7M2|ALLEVLGR,Q3B7M2,Q3B7M2,,,0.6386234699999989,0.0003280096886213233,proteomics
Q32LP0|AGDTLWLR,Q32LP0,Q32LP0,,,-0.294201743333339,0.00033753447423383104,proteomics
Q3ZC84|MMEVAAADIK,Q3ZC84,Q3ZC84,,,0.5632922933333333,0.00033753447423383104,proteomics
P00921|DFPIANGER,P00921,P00921,,,-0.4439611633333342,0.00035886879040309246,proteomics
Q2KJH9|ANDTTFGLAAGVFTR,Q2KJH9,Q2KJH9,,,0.6098901499999982,0.0003813043901233724,proteomics
P01246|LKDLEEGILALMR,P01246,P01246,,,-0.6644487199999958,0.0003823269807309,proteomics
P35705|GLFIIDPNGVIK,P35705,P35705,,,-0.6877228400000028,0.0003823269807309,proteomics
Q9TS87|GASQAGMTGYGRPR,Q9TS87,Q9TS87,,,0.4351585666666651,0.0003823269807309,proteomics
Q0VCU1|AVDAGLSVKPYIK,Q0VCU1,Q0VCU1,,,0.7624030566666669,0.0003854633582607205,proteomics
Q2KJF1|CEAEVPDVSFLLLR,Q2KJF1,Q2KJF1,,,-0.3724493233333383,0.0003875255983879284,proteomics
P50397|DWNVDLIPK,P50397,P50397,,,0.4841536033333327,0.0003875255983879284,proteomics
Q76LV1|APFDLFENK,Q76LV1,Q76LV1,,,0.4429703499999995,0.0004095141000887894,proteomics
Q3SZJ9|GTFIEFR,Q3SZJ9,Q3SZJ9,,,0.7673051899999983,0.0004095141000887894,proteomics
P00743|CSCAHGYVLGDDSK,P00743,P00743,,,-0.3969269766666699,0.0004095141000887894,proteomics
Q2M2T1|LLLPGELAK,Q2M2T1,Q2M2T1,,,-0.5041949899999985,0.0004095141000887894,proteomics
Q32L48|LLLPGELAK,Q32L48,Q32L48,,,-0.5041949899999985,0.0004095141000887894,proteomics
Q29451|ANLSWSVK,Q29451,Q29451,,,-0.4973323133333345,0.0004095141000887894,proteomics
P21809|DLPETLNELHLDHNK,None #16,P21809,,novel transcript,-0.4420702566666712,0.00043764401194035577,proteomics
Q3T014|EQMALNHGEEQVR,Q3T014,Q3T014,,,-0.5469715700000037,0.00043764401194035577,proteomics
Q3SZ54|DFTVSAMHGDMDQK,Q3SZ54,Q3SZ54,,,0.5594075799999878,0.00043764401194035577,proteomics
P50448|DTFAEASQR,P50448,P50448,,,-0.3605922033333328,0.0004826774429493951,proteomics
P81187|ALLEVYNMMSR,P81187,P81187,,,-0.3514353633333371,0.0004917218778375185,proteomics
Q2YDJ9|EIFPVMAK,Q2YDJ9,Q2YDJ9,,,0.6594341399999983,0.0005188226073146851,proteomics
Q28007|AMNIPQIR,Q28007,Q28007,,,0.5014402833333307,0.0005398127706890031,proteomics
P17690|ATVIYEGER,P17690,P17690,,,-0.3584364566666593,0.0005398127706890031,proteomics
A5PK65|ELDLAEDR,A5PK65,A5PK65,,,0.7439939166666676,0.0005520754496908825,proteomics
P16368|SDGSCAWYR,PCAT1,P16368,PCAT1,prostate cancer associated transcript 1 [Source:HGNC Symbol;Acc:HGNC:43022],-0.426258236666662,0.000572246365428101,proteomics
Q3T052|AAAQEQYSAAVAR,Q3T052,Q3T052,,,-0.3228380533333279,0.0005783219128700648,proteomics
P00745|FCLHEVR,P00745,P00745,,,-0.359628310000005,0.0005783219128700648,proteomics
Q05718|GAHTLYVPNCDHR,Q05718,Q05718,,,-0.2985520733333366,0.0005872788779627229,proteomics
Q24K22|CQNWSAETPHKPQFK,Q24K22,Q24K22,,,-0.3880584866666616,0.0005872788779627229,proteomics
P20414|FIYTPAMESVCGYFHR,MIR924HG,P20414,MIR924HG,MIR924 host gene [Source:HGNC Symbol;Acc:HGNC:44332],-0.3795312666666675,0.0005962825160441733,proteomics
Q3ZCH5|AYLEEECPGMLR,Q3ZCH5,Q3ZCH5,,,-0.3730992199999967,0.000604301305404451,proteomics
Q3SZ16|QHVPLEEFVANLR,Q3SZ16,Q3SZ16,,,0.7193178300000014,0.0006486792883393552,proteomics
Q27965|AQIHDLVLVGGSTR,Q27965,Q27965,,,-0.3109981700000013,0.0006486792883393552,proteomics
Q27975|AQIHDLVLVGGSTR,Q27975,Q27975,,,-0.3109981700000013,0.0006486792883393552,proteomics
Q0VCM5|DVELLYPR,Q0VCM5,Q0VCM5,,,-0.336299546666666,0.000671081453992034,proteomics
O77834|FHDYLGDSWGILFSHPR,O77834,O77834,,,-0.2857435233333341,0.000671081453992034,proteomics
Q3MHY1|GLESTTLADK,Q3MHY1,Q3MHY1,,,0.4588645799999931,0.0006801381644555011,proteomics
P06868|APWCYTTNSEVR,P06868,P06868,,,-0.3951010533333381,0.0007151638425299648,proteomics
Q9TT36|AMFYIGEK,Q9TT36,Q9TT36,,,-0.2908864233333368,0.000775039822397689,proteomics
A7MBI7|EWAMHVGEK,A7MBI7,A7MBI7,,,0.7738556933333314,0.0007783436588174966,proteomics
F1N2K1|IFSAAALTK,F1N2K1,F1N2K1,,,-0.3447778900000031,0.0007783436588174966,proteomics
P62935|IIPGFMCQGGDFTR,P62935,P62935,,,0.2926597899999983,0.000789803417860545,proteomics
Q76LV2|EGLELPEDEEEKK,Q76LV2,Q76LV2,,,0.2708019833333388,0.0008005938707892414,proteomics
P19035|DWMTESFSSLK,P19035,P19035,,,-0.459658266666672,0.0008005938707892414,proteomics
Q5E9J1|GLPFGCTK,Q5E9J1,Q5E9J1,,,0.6085461466666651,0.0008005938707892414,proteomics
Q06283|ATNYNPSSESTDYGIFQINSK,Q06283,Q06283,,,-0.4295005066666633,0.0008005938707892414,proteomics
Q8WMY2|IGTDIQDNK,Q8WMY2,Q8WMY2,,,0.551861689999992,0.0008150721082846511,proteomics
P50227|DVAVSYYHFYR,P50227,P50227,,,1.028132513333336,0.0008279697569731798,proteomics
Q5EA62|DQPFTILYR,Q5EA62,Q5EA62,,,-0.3982295033333258,0.0008494772907458924,proteomics
Q3Y5Z3|ALLFTHDQFQDK,Q3Y5Z3,Q3Y5Z3,,,-0.3841183499999978,0.0008652274282847188,proteomics
P81425|FWYQMILPPHFDK,P81425,P81425,,,-0.4581721533333365,0.0008949585793543935,proteomics
A6QNX5|VLNNQFASFIDK,A6QNX5,A6QNX5,,,-2.1440309700000064,0.0008952731382782884,proteomics
P01017|AIHLTMPQLTLK,P01017,P01017,,,-0.4090059133333383,0.000907975638786834,proteomics
P11064|SPIAEAVFR,None #3,P11064,,novel transcript,0.4384592599999948,0.0009093598079698706,proteomics
P48034|DACQTLLK,P48034,P48034,,,1.1002785699999968,0.0009093598079698706,proteomics
Q32L76|SGQDPDHFRPAGLPK,Q32L76,Q32L76,,,-1.8008100266666744,0.0009125179628637508,proteomics
P02192|HGNTVLTALGGILK,P02192,P02192,,,-1.1984619166666697,0.0009155164000593964,proteomics
A0JNP2|LIITNILGK,A0JNP2,A0JNP2,,,-0.5874511399999989,0.0009265534900534392,proteomics
Q05716|CRPPVGCEELVR,Q05716,Q05716,,,-0.3187797533333345,0.0009724969187519184,proteomics
Q3T0A3|AVLGPAVQLLPWQR,Q3T0A3,Q3T0A3,,,-0.2840693100000067,0.0009935010724870777,proteomics
Q2NL00|DSQPADPTLK,Q2NL00,Q2NL00,,,0.7384768566666615,0.0010307306366373,proteomics
Q3SZI4|YLAEVACGDDRK,Q3SZI4,Q3SZI4,,,0.5520298466666738,0.0010714250759859,proteomics
P22457|KLMVVLVPR,None #18,P22457,,novel transcript,-0.3114864900000036,0.0011670191476062,proteomics
P37141|FLVGPDGIPIMR,P37141,P37141,,,-0.5673869166666741,0.0011787601693284,proteomics
Q3T0S5|ETTVQGLDGLSER,Q3T0S5,Q3T0S5,,,0.562873070000002,0.0011941560591342,proteomics
P07224|EAVMNINKPGSLFK,P07224,P07224,,,-0.2164766699999987,0.0012369731230209,proteomics
Q5XQN5|LLEGEECR,Q5XQN5,Q5XQN5,,,-2.6204334633333346,0.0012454849927205,proteomics
A5PKI3|DNWVFCGGK,A5PKI3,A5PKI3,,,-0.2975842133333408,0.0012462472294771,proteomics
P01035|SQANLDSCPFHNQPHLK,P01035,P01035,,,-0.3464526333333424,0.0012590212868914,proteomics
Q3SX14|EPAHLMSLFGGKPMIIYR,Q3SX14,Q3SX14,,,-0.2860935266666651,0.0012831829638911,proteomics
O18739|FCGVCTDGR,O18739,O18739,,,-0.3955905866666711,0.0013202468126601,proteomics
P19427|YFESVLDR,NUBPL,P19427,NUBPL,"NUBP iron-sulfur cluster assembly factor, mitochondrial [Source:HGNC Symbol;Acc:HGNC:20278]",-0.3532744566666679,0.0013754204739982,proteomics
Q3ZBL1|AEPARPVGLEQLR,Q3ZBL1,Q3ZBL1,,,0.4948457600000004,0.0013777291737352,proteomics
Q2KIV9|GQLCVDLMR,Q2KIV9,Q2KIV9,,,-0.552572986666668,0.001387100903348,proteomics
P00744|WVAGGAVVR,P00744,P00744,,,-0.5731807433333316,0.0014638033641219,proteomics
P05689|HGIPDETCNNYQAK,P05689,P05689,,,-0.3103059533333372,0.0015511426244374,proteomics
Q32PI5|HMLPTVLR,Q32PI5,Q32PI5,,,0.491737619999995,0.0015892474955696,proteomics
P05059|ECFETLR,P05059,P05059,,,-0.3169466466666684,0.0015907991924764,proteomics
P62261|EDLVYQAK,P62261,P62261,,,0.3450738633333294,0.0016822147144907,proteomics
P17404|LDHEGICCIECR,LINC02808,P17404,LINC02808,long intergenic non-protein coding RNA 2808 [Source:HGNC Symbol;Acc:HGNC:54340],-0.2865983433333419,0.0016822147144907,proteomics
P13384|EPGCGCCSVCAR,None #8,P13384,,novel transcript,-0.3603337466666723,0.0017043423384897,proteomics
Q08E20|FAVYLPPK,Q08E20,Q08E20,,,0.5871944766666637,0.0017273903291125,proteomics
Q9N0V4|FLPGPLFMK,Q9N0V4,Q9N0V4,,,0.6172695699999977,0.0017621197743059,proteomics
P00735|EECSVPVCGQDR,P00735,P00735,,,-0.3686168066666653,0.0017944740982212,proteomics
P24591|ALEISDVK,RNA5-8SN3,P24591,RNA5-8SN3,"RNA, 5.8S ribosomal N3 [Source:HGNC Symbol;Acc:HGNC:53525]",-0.3846991200000005,0.001808349624637,proteomics
Q2KJ83|DISGYLVGR,Q2KJ83,Q2KJ83,,,-0.2294439033333404,0.001808349624637,proteomics
Q5E9B5|GYSFVTTAER,Q5E9B5,Q5E9B5,,,-0.7110374499999992,0.0018236306101977,proteomics
Q5E9A3|AFAMIIDK,Q5E9A3,Q5E9A3,,,0.2734475466666666,0.001859887692376,proteomics
Q3SZJ0|AEMDQILHGLDK,Q3SZJ0,Q3SZJ0,,,0.4641309366666633,0.0019228296139603,proteomics
Q1JP75|GAPGVIVNVSSQASQR,Q1JP75,Q1JP75,,,0.7085586466666669,0.0019593198793835,proteomics
Q3T0P5|FSDLGFEVK,Q3T0P5,Q3T0P5,,,0.8921329333333325,0.0019656038783345,proteomics
Q2TA49|ATVMLYDDSNKR,Q2TA49,Q2TA49,,,-0.3337054166666675,0.0019872345397448,proteomics
P80425|GVSEIVQNGK,P80425,P80425,,,0.5962121900000028,0.0020451704156559,proteomics
Q148C9|GDVFYEER,Q148C9,Q148C9,,,0.5340859566666651,0.0020832207554182,proteomics
Q3SZZ7|AQVYLLETR,Q3SZZ7,Q3SZZ7,,,-0.4957548300000027,0.0020954557129361,proteomics
Q8SPF8|IHLMNSDIGVFNPK,Q8SPF8,Q8SPF8,,,-0.3407294800000038,0.0021542048846626,proteomics
O62703|GEIIDNDIEDEFYLR,O62703,O62703,,,-0.4626985433333352,0.0021974637188456,proteomics
P34955|AALTIDEK,P34955,P34955,,,-0.2019234666666705,0.0022175938523422,proteomics
P02720|NGVPNFLK,P02720,P02720,,,0.6741122666666648,0.0022500186991291,proteomics
P06394|IRLENEIQTYR,P06394,P06394,,,-0.2994359766666754,0.0022806250987003,proteomics
Q4U0T9|TVYHAEEIQCNGR,Q4U0T9,Q4U0T9,,,-0.846852003333332,0.0022806250987003,proteomics
A5PK51|ALDCSGVTVR,A5PK51,A5PK51,,,1.0001110899999972,0.0023124964534832,proteomics
Q0VCX2|AKFEELNMDLFR,Q0VCX2,Q0VCX2,,,-0.2529753700000015,0.0023509212306572,proteomics
E1BF81|GLEADAPTR,E1BF81,E1BF81,,,-0.3243913133333365,0.0023925772245575,proteomics
Q07130|EFPTVPLVK,Q07130,Q07130,,,0.5138778366666621,0.0024178783815612,proteomics
P12260|MYVAVWTPYGVIR,STIM2-AS1,P12260,STIM2-AS1,STIM2 antisense RNA 1 [Source:HGNC Symbol;Acc:HGNC:40879],-0.2284677666666716,0.0024905149303786,proteomics
P02081|AAVTSLFAK,P02081,P02081,,,-0.2741762733333459,0.0025080340064799,proteomics
P80109|AQYVLISPEAGSR,P80109,P80109,,,-0.2019446166666618,0.0026477182122061,proteomics
Q3SZ57|APQLTSPELMALTR,Q3SZ57,Q3SZ57,,,-0.4030388200000061,0.0026634439875129,proteomics
Q5E9Z2|CPDPFSGNR,Q5E9Z2,Q5E9Z2,,,-0.2707718733333308,0.0026798358428915,proteomics
Q0V8B6|ALAPHVDFVGGLHR,Q0V8B6,Q0V8B6,,,-0.3942917400000034,0.002748243339935,proteomics
A1A4K5|CFELQEAGPPDCR,A1A4K5,A1A4K5,,,-0.2757489899999967,0.0027692644953218,proteomics
P81948|DVNAAIAAIK,P81948,P81948,,,-0.2807902366666646,0.0031022640605224,proteomics
Q27967|EALSASVAK,Q27967,Q27967,,,-0.3955101366666689,0.0031537311818836,proteomics
P37980|AAPFTLEYR,P37980,P37980,,,0.69016010333333,0.0031905452734521,proteomics
Q2KIH7|HDIGATVHELSR,Q2KIH7,Q2KIH7,,,0.4325804466666554,0.0031905452734521,proteomics
Q5E9G0|ISNIPTIK,Q5E9G0,Q5E9G0,,,0.2867984500000027,0.0031912486140794,proteomics
Q9N2I2|DFVFDLYR,Q9N2I2,Q9N2I2,,,-0.2628820666666627,0.0031936121457061,proteomics
Q3T0K1|EQFVEFR,Q3T0K1,Q3T0K1,,,-0.3941561833333331,0.0032880241085246,proteomics
Q95M17|FPLINTLK,Q95M17,Q95M17,,,-0.2467707499999925,0.0035260251476624,proteomics
P00978|ADSCQLDYSQGPCLGLFK,P00978,P00978,,,-0.3395283433333382,0.0038357887522806,proteomics
P00974|AGLCQTFVYGGCR,P00974,P00974,,,-0.3663527066666745,0.0039011149344981,proteomics
P56652|AVNHANTAKEVSFDVELPK,P56652,P56652,,,-0.2013376466666727,0.0039961478835257,proteomics
Q3T147|GSYVSIHSSGFR,Q3T147,Q3T147,,,0.5730113266666663,0.0039961478835257,proteomics
Q9GLE5|GEIFFFK,Q9GLE5,Q9GLE5,,,-0.3347988700000037,0.0039961478835257,proteomics
Q5EA88|ADTIGVSLIK,Q5EA88,Q5EA88,,,0.6372137633333281,0.0039961478835257,proteomics
Q5KR48|CGDLEEELK,Q5KR48,Q5KR48,,,-0.3233352400000058,0.004226546482025,proteomics
Q9TR36|ADEDPALFQSVK,Q9TR36,Q9TR36,,,0.7797897033333285,0.004226546482025,proteomics
Q3MHL7|GFVVINQK,Q3MHL7,Q3MHL7,,,-0.6731733466666654,0.004226546482025,proteomics
P01175|AVLDLDVR,P01175,P01175,,,-0.7725925066666726,0.0042433429898445,proteomics
P62958|AQVARPGGDTIFGK,P62958,P62958,,,0.3375592366666637,0.0043108329193042,proteomics
P19879|DFADIPNLR,None #13,P19879,,novel transcript,-0.2187741633333288,0.0044517712363374,proteomics
P55906|ADHHATNGVVHLIDK,P55906,P55906,,,-0.2170119333333318,0.0044627545198611,proteomics
Q95121|ALYYDLISNPDIHGTYK,Q95121,Q95121,,,-0.2165166566666698,0.0044627545198611,proteomics
P19120|ARFEELNADLFR,P19120,P19120,,,0.2119594766666672,0.0046114602350533,proteomics
P03972|ISAHHVPNMVATECGCR,P03972,P03972,,,-0.3263571333333352,0.0046203884407035,proteomics
Q2TBI0|HFGSVDYR,Q2TBI0,Q2TBI0,,,-0.2987840666666699,0.0047118843940109,proteomics
P84080|DAVLLVFANK,P84080,P84080,,,0.3482238533333301,0.0047118843940109,proteomics
Q5E9I6|DAVLLVFANK,Q5E9I6,Q5E9I6,,,0.3482238533333301,0.0047118843940109,proteomics
P28800|EDFLEQSEQLFGAK,HERC2P9,P28800,HERC2P9,HERC2 pseudogene 9 [Source:HGNC Symbol;Acc:HGNC:30495],-0.2177140766666667,0.0047418996027221,proteomics
Q5E9H0|DQTTIIGR,Q5E9H0,Q5E9H0,,,-0.3929122600000028,0.0047622039645691,proteomics
A7MBJ5|ADVFHAYLSLLK,A7MBJ5,A7MBJ5,,,0.4503691433333294,0.0047622039645691,proteomics
Q3ZBD3|DQLLPNLR,Q3ZBD3,Q3ZBD3,,,0.7023818999999989,0.0047622039645691,proteomics
Q8SPP7|DVQQTLSPGDELYK,Q8SPP7,Q8SPP7,,,-0.1999394666666702,0.0047940566812354,proteomics
Q58CQ9|DNSIYIVANIGDKK,Q58CQ9,Q58CQ9,,,-0.2811146100000066,0.0048396659541709,proteomics
Q29423|NIGFETCR,Q29423,Q29423,,,-0.2474703500000004,0.0048396659541709,proteomics
Q9BGI3|AHVGKPAPEFQATAVVDGAFK,Q9BGI3,Q9BGI3,,,-0.491779553333334,0.0048396659541709,proteomics
F1MLX0|EQNVPVPK,F1MLX0,F1MLX0,,,0.5936163666666623,0.0048804431826499,proteomics
Q2KIB0|EQNVPVPK,Q2KIB0,Q2KIB0,,,0.5936163666666623,0.0048804431826499,proteomics
Q2KIS7|CFLAFVQAK,Q2KIS7,Q2KIS7,,,-0.2578480966666738,0.0049849401242034,proteomics
P42916|NLEGEVQR,P42916,P42916,,,-0.1685955866666653,0.0050739699766709,proteomics
Q29443|CGLVPVLAENYK,Q29443,Q29443,,,-0.3000608533333455,0.005209622316341,proteomics
Q3MHF7|EVLIETAK,Q3MHF7,Q3MHF7,,,0.3702494466666621,0.005209622316341,proteomics
Q5E9G3|DEAVYGDLR,Q5E9G3,Q5E9G3,,,0.6009260866666679,0.0055070543778144,proteomics
P01030|AELADQAASWLTR,P01030,P01030,,,-0.2435576800000021,0.0057221447430579,proteomics
Q5E9F7|AVLFCLSEDKK,Q5E9F7,Q5E9F7,,,0.1894456266666644,0.0057367442656553,proteomics
Q5E9B1|FIIPQIVK,Q5E9B1,Q5E9B1,,,-0.3577335433333353,0.0057583667035321,proteomics
P18902|MKYWGVASFLQK,LINC02413,P18902,LINC02413,long intergenic non-protein coding RNA 2413 [Source:HGNC Symbol;Acc:HGNC:53342],-0.2865030966666779,0.0057583667035321,proteomics
Q3T0X8|LLPCQPR,Q3T0X8,Q3T0X8,,,1.7535184233333323,0.0060168093223289,proteomics
P01044|ATVQVVAGLK,P01044,P01044,,,-0.2794802733333341,0.0061092868594022,proteomics
Q95122|CVWPSALR,Q95122,Q95122,,,-0.3528640566666645,0.0061495698619922,proteomics
P58875|FDNTYSFIHAK,P58875,P58875,,,1.117624106666664,0.0061760827477054,proteomics
A1A4Q3|AVLSPLADLHAQVLR,A1A4Q3,A1A4Q3,,,-1.9161457766666636,0.0061948858550591,proteomics
P21327|AMGGGMVDLK,P21327,P21327,,,0.9595342600000016,0.0062697926972221,proteomics
Q2TBQ8|IVAPISDSPKPPPQR,Q2TBQ8,Q2TBQ8,,,0.3419028766666656,0.0062819518302794,proteomics
Q17QQ2|GALVAVNPSDR,Q17QQ2,Q17QQ2,,,0.4228148699999963,0.0064894497762374,proteomics
Q27971|ALEEAGFK,Q27971,Q27971,,,-0.379496426666666,0.0065868252424642,proteomics
Q0VCJ2|HGNEIYIAPSGVQK,Q0VCJ2,Q0VCJ2,,,-0.2137946499999969,0.0066467869041828,proteomics
O18738|EQITALSR,O18738,O18738,,,-0.2053508866666717,0.0067206718163757,proteomics
P12763|CDSSPDSAEDVR,LINC02483,P12763,LINC02483,long intergenic non-protein coding RNA 2483 [Source:HGNC Symbol;Acc:HGNC:53457],-0.3633128166666637,0.0067762371654102,proteomics
Q0VFX9|LAPVFVYGTLK,Q0VFX9,Q0VFX9,,,1.3843938599999994,0.006784282972582,proteomics
P30932|FYEDTYNK,P30932,P30932,,,-0.6410658100000006,0.006784282972582,proteomics
P83107|LFNPSVIVEYK,P83107,P83107,,,-0.3249325966666703,0.006921390161618,proteomics
Q2KJG2|ITLTSDPR,Q2KJG2,Q2KJG2,,,0.5554612699999986,0.006921390161618,proteomics
A6QR11|AFLFQDTPR,A6QR11,A6QR11,,,-0.2254605899999973,0.0070416165639749,proteomics
Q29RI6|ESMAVLEK,Q29RI6,Q29RI6,,,0.6591557266666648,0.0071868291745486,proteomics
P80189|FGMDNFR,P80189,P80189,,,-0.2679071699999973,0.0071868291745486,proteomics
Q3SZ19|ADVDLYQVR,Q3SZ19,Q3SZ19,,,0.2616695500000006,0.0071938901941886,proteomics
Q3T084|DGNVLLHEMQIQHPTASLIAK,Q3T084,Q3T084,,,-0.4859441333333336,0.0074126778309451,proteomics
Q28156|EEVVGVAQAINKK,Q28156,Q28156,,,-0.3018678800000032,0.0074407926667801,proteomics
Q0VD19|ALTTITALVK,Q0VD19,Q0VD19,,,-0.3136474633333321,0.0076727526719758,proteomics
Q3MHN5|CCDSVSEDCIK,Q3MHN5,Q3MHN5,,,-0.3080834400000007,0.0078386380442712,proteomics
Q28133|DKIVEGGPLR,Q28133,Q28133,,,-0.8322986133333288,0.0083561910989178,proteomics
P41361|ANSHFATAFYQHLADSK,P41361,P41361,,,-0.3081008299999936,0.0083906415478785,proteomics
A6QLI2|LNVEDVDSTK,A6QLI2,A6QLI2,,,-0.2963646166666684,0.008406029798676,proteomics
Q9XSA7|HPESNTAGMDIFAK,Q9XSA7,Q9XSA7,,,0.6195369133333379,0.0084394995891353,proteomics
P68250|AVTEQGHELSNEER,P68250,P68250,,,0.3615879133333308,0.0084547026204575,proteomics
Q58D62|AIFYINK,Q58D62,Q58D62,,,-0.2439515600000064,0.0084993191216503,proteomics
Q32L99|FLVLNYK,Q32L99,Q32L99,,,0.6837120966666674,0.0088023404965192,proteomics
Q3ZBM5|EMFGGFFK,Q3ZBM5,Q3ZBM5,,,1.266906519999992,0.0089561941412878,proteomics
Q7SIH1|AILYLNTGYQR,Q7SIH1,Q7SIH1,,,-0.2443514566666742,0.0089561941412878,proteomics
P19858|DQLIQNLLK,LINC01569,P19858,LINC01569,long intergenic non-protein coding RNA 1569 [Source:HGNC Symbol;Acc:HGNC:51380],-0.2436895866666617,0.0091802543274282,proteomics
Q0VCU8|VLTPEEQLADK,Q0VCU8,Q0VCU8,,,0.2731131633333312,0.0092450713522628,proteomics
P01966|AAWGKVGGHAAEYGAEALER,P01966,P01966,,,-0.2462911700000063,0.0097924551708445,proteomics
Q9TTE1|TELVLVNYIYFK,Q9TTE1,Q9TTE1,,,-0.2223742966666648,0.0100189026992557,proteomics
Q08E66|ALVTVDEVLK,Q08E66,Q08E66,,,-0.2572895200000005,0.0100318637044173,proteomics
Q3ZCJ8|ILHLPTSWDWR,Q3ZCJ8,Q3ZCJ8,,,-0.195376856666666,0.0101100230309701,proteomics
Q29460|AIVQLVNER,Q29460,Q29460,,,0.2041247933333352,0.0102428269023714,proteomics
P23805|AGVTGPSGAIGPQGPSGAR,P23805,P23805,,,-0.3814305666666726,0.0103740108613722,proteomics
Q9BGI1|THLPGFVEQADALK,Q9BGI1,Q9BGI1,,,0.2572858966666658,0.0104331926265763,proteomics
Q59A32|AIAFLQQPR,Q59A32,Q59A32,,,0.5101985866666716,0.0105722966812298,proteomics
Q3B7N2|IMSIVDPNR,Q3B7N2,Q3B7N2,,,0.1903377333333331,0.0106174892408779,proteomics
Q28085|CAWKPCSYPVIK,Q28085,Q28085,,,-0.250762696666662,0.0107358723364137,proteomics
P40682|NVLLFLQDK,P40682,P40682,,,-0.2203077466666698,0.0107943856173035,proteomics
P80209|QGPIPELLK,P80209,P80209,,,-0.2090514466666704,0.0108067665048614,proteomics
P12082|SCCAIASQFR,None #5,P12082,,"novel transcript, antisense to LRRC34",-0.4914225566666559,0.0108201725476685,proteomics
Q28115|LALDIEIATYR,Q28115,Q28115,,,-0.9482563366666668,0.0108635524219877,proteomics
P01888|HVTLEQPR,P01888,P01888,,,-0.514173250000006,0.0109815644583964,proteomics
Q6B855|IIALDGDTK,Q6B855,Q6B855,,,0.3277458999999965,0.011101776483427,proteomics
Q3ZBD7|AVLHVALR,Q3ZBD7,Q3ZBD7,,,0.1830012299999985,0.011101776483427,proteomics
P26779|EQILAALEK,KRTAP10-1,P26779,KRTAP10-1,keratin associated protein 10-1 [Source:HGNC Symbol;Acc:HGNC:22966],-0.2656250500000006,0.0114089305898169,proteomics
P00442|GDGPVQGTIHFEAK,P00442,P00442,,,0.2689466200000012,0.0114888337644327,proteomics
P55859|FHMYEGYPFWK,P55859,P55859,,,0.233537863333332,0.0114888337644327,proteomics
Q28017|ASLAFLQK,Q28017,Q28017,,,-0.2248604933333347,0.0116555614239613,proteomics
Q03247|AATLSTLAGQPLLER,Q03247,Q03247,,,-0.1889091033333301,0.011873659814445,proteomics
P48644|DHLLLATMEAMNGGK,P48644,P48644,,,0.6861404633333343,0.0119088762270139,proteomics
O46375|AADETWEPFASGK,O46375,O46375,,,0.2988431533333369,0.0119522516830158,proteomics
P58352|DFLNYTLEER,P58352,P58352,,,-0.5096479466666715,0.0119522516830158,proteomics
P49907|ALEDEDVCK,P49907,P49907,,,-0.3152431166666645,0.0119573923318484,proteomics
G3X745|DLYAELR,G3X745,G3X745,,,-0.477492173333335,0.0123415995815737,proteomics
A2VDS1|DLGVDFLTIVGHK,A2VDS1,A2VDS1,,,0.5408251200000045,0.0124819549005754,proteomics
P79136|LVEDMENK,P79136,P79136,,,0.2319661199999956,0.0125876173511866,proteomics
Q2TBX4|GPPTSDSELPKDK,Q2TBX4,Q2TBX4,,,-0.3312228766666614,0.012893486680194,proteomics
Q5KR47|AADAEAEVASLNR,Q5KR47,Q5KR47,,,0.2018423033333292,0.0134130264861386,proteomics
O02739|ADFSGMSSGR,O02739,O02739,,,0.5169814966666664,0.0134130264861386,proteomics
P68252|YLAEVATGEK,P68252,P68252,,,0.4433647466666706,0.0134130264861386,proteomics
Q5E997|EGAAHAFAQYNLDQFTPVK,Q5E997,Q5E997,,,0.9165483499999992,0.0134130264861386,proteomics
P02676|GGWTVIQNR,P02676,P02676,,,-0.1324947300000047,0.0137335364665471,proteomics
A2I7N1|HTEQAEFHVSK,A2I7N1,A2I7N1,,,-0.2675975000000008,0.0139363983261211,proteomics
Q3SWY2|DFNEECPR,Q3SWY2,Q3SWY2,,,-0.2745094433333328,0.0139363983261211,proteomics
A0JNN8|ALCACWPAGH,A0JNN8,A0JNN8,,,-0.3058702933333386,0.0139398299443271,proteomics
Q3MHR7|ASHTAPQVLFSHR,Q3MHR7,Q3MHR7,,,0.2216744299999931,0.0141639646172556,proteomics
Q3T054|LVLVGDGGTGK,Q3T054,Q3T054,,,0.2267682966666662,0.0143242526252884,proteomics
Q3T0Y3|IIYHTSFEMMK,Q3T0Y3,Q3T0Y3,,,1.0534145733333382,0.0144284939436111,proteomics
Q2TBK3|LDVIEETVEK,Q2TBK3,Q2TBK3,,,-0.5462336199999882,0.01452151199177,proteomics
Q3T145|ENFSCLTR,Q3T145,Q3T145,,,-0.5627482066666722,0.01452151199177,proteomics
Q3SZV3|KLDPGSEETQTLVR,Q3SZV3,Q3SZV3,,,0.3620745999999997,0.0146066148422152,proteomics
P61223|LVVLGSGGVGK,P61223,P61223,,,-0.2434726333333365,0.0146066148422152,proteomics
F1MVX2|ELLQQMER,F1MVX2,F1MVX2,,,0.7663063933333376,0.0149144246399751,proteomics
Q95116|AYGYSGVSLK,Q95116,Q95116,,,-0.261212286666673,0.0149183962627177,proteomics
Q3MI05|EFSHIAFLTIK,Q3MI05,Q3MI05,,,-0.3796625533333291,0.015288866875225,proteomics
Q2KI84|AALEDLVR,Q2KI84,Q2KI84,,,0.6796169499999962,0.0153585535636729,proteomics
P13213|APLIPMEHCTTR,LINC02197,P13213,LINC02197,long intergenic non-protein coding RNA 2197 [Source:HGNC Symbol;Acc:HGNC:53063],-0.2057371833333334,0.0157795477189729,proteomics
P39873|STMSITDCR,P39873,P39873,,,0.2144870033333319,0.0157795477189729,proteomics
Q9TTK6|EELTAVMSFLTQK,Q9TTK6,Q9TTK6,,,-0.153896030000002,0.0161212783639821,proteomics
P68103|EHALLAYTLGVK,P68103,P68103,,,0.1331967100000035,0.0175234321527766,proteomics
Q3ZBT1|GILLYGPPGTGK,Q3ZBT1,Q3ZBT1,,,-0.6470210866666655,0.0175678280408152,proteomics
Q2KIA5|GHAVNLLDVPVPVAR,Q2KIA5,Q2KIA5,,,-0.3243089633333369,0.017648434739327,proteomics
Q3ZBV8|CGPLIDLCR,Q3ZBV8,Q3ZBV8,,,0.2607764366666671,0.0176516023488102,proteomics
Q3T0E0|LGGVQFDIDLPNKK,Q3T0E0,Q3T0E0,,,0.6638655300000025,0.0176516023488102,proteomics
P80177|LLCGLLTER,P80177,P80177,,,0.1517947799999923,0.0178336038296509,proteomics
P27424|QCLNEVCFYSLR,P27424,P27424,,,0.7886603800000032,0.0182024136455413,proteomics
A6QQ07|LLQDSEVK,A6QQ07,A6QQ07,,,-0.3024894099999997,0.0183324919991719,proteomics
Q2UVX4|AAVYNHFISDGVK,Q2UVX4,Q2UVX4,,,-0.2010660799999968,0.018543651375144,proteomics
Q9MZ08|DYVCVVK,Q9MZ08,Q9MZ08,,,0.2693230999999976,0.018543651375144,proteomics
A0N0X6|IDNPHITYTAR,A0N0X6,A0N0X6,,,-0.2195995533333388,0.018543651375144,proteomics
O46675|AAMLLLLLVAAGR,O46675,O46675,,,-0.3074793800000002,0.0190276513053511,proteomics
Q2KIX7|CPPLPQSAFSVK,Q2KIX7,Q2KIX7,,,-0.2998913833333319,0.0190693485614325,proteomics
Q3T0P6|ALMDEVVK,Q3T0P6,Q3T0P6,,,-0.1633052166666679,0.0193583212933194,proteomics
Q2KIY5|ACTPKPNGENAISAR,Q2KIY5,Q2KIY5,,,-0.2835820666666677,0.0194784576665913,proteomics
Q2T9S4|AVVVGFDPHFSYMK,Q2T9S4,Q2T9S4,,,0.3398526900000007,0.0197829317186087,proteomics
P81282|AQCGGGLLGVR,P81282,P81282,,,-0.3153273566666712,0.0200745573506483,proteomics
P81265|DNGVFSVHITSLR,P81265,P81265,,,-0.3363924233333328,0.0200933913918103,proteomics
P12799|CHAGHLNGVYYQGGTYSK,None #7,P12799,,novel transcript,-0.1690445033333318,0.0204055978118765,proteomics
P02639|ELLQTELSGFLDAQK,P02639,P02639,,,-0.5424544500000046,0.0208050681288941,proteomics
Q3ZBW4|DLSHIGDAVVISCAK,Q3ZBW4,Q3ZBW4,,,0.632292566666667,0.0208979630724603,proteomics
P82943|CPQEAVIFQTR,P82943,P82943,,,-0.2513973966666682,0.021015465666487,proteomics
P17697|ASSIMDELFQDR,LINC02778,P17697,LINC02778,long intergenic non-protein coding RNA 2778 [Source:HGNC Symbol;Acc:HGNC:54298],-0.1503922966666664,0.0216114602646892,proteomics
Q2KIU3|FGFDIELFQHAVK,Q2KIU3,Q2KIU3,,,-0.3029936599999985,0.0217547056075594,proteomics
A7YW98|GFDILGIKPVQR,A7YW98,A7YW98,,,-0.5576920566666672,0.0217547056075594,proteomics
P81644|GSELQTQAK,P81644,P81644,,,-0.3398041733333414,0.0218330382364505,proteomics
P54228|AVDQFNER,P54228,P54228,,,0.7106473566666658,0.0218330382364505,proteomics
Q5E983|LVPVGYGIK,Q5E983,Q5E983,,,0.7060731999999916,0.0218330382364505,proteomics
Q3SZ52|YPEAPPFVR,Q3SZ52,Q3SZ52,,,0.4186840499999995,0.0221599159390357,proteomics
P61085|NAVIVALSSK,P61085,P61085,,,1.5826430299999998,0.0223094325296641,proteomics
Q27970|DFFLSNASR,Q27970,Q27970,,,-0.2740211499999958,0.0225345674510461,proteomics
P02465|AQPEDIPVK,P02465,P02465,,,0.1515938433333374,0.0227303318372844,proteomics
P15781|EAIFQDSVR,None #11,P15781,,novel transcript,-0.3347600133333408,0.0228876032217004,proteomics
Q1LZB9|DSCEGVECGPGK,Q1LZB9,Q1LZB9,,,-0.3668463400000021,0.022950982685655,proteomics
Q3T114|AAYQVAALPK,Q3T114,Q3T114,,,0.5493913133333237,0.0236529078755443,proteomics
P13696|VLTPTQVK,SMIM15-AS1,P13696,SMIM15-AS1,SMIM15 antisense RNA 1 [Source:HGNC Symbol;Acc:HGNC:41293],0.3260299166666662,0.0236529078755443,proteomics
Q2NKZ1|QVKPYVEEGLHPQIIIR,Q2NKZ1,Q2NKZ1,,,-0.9190041633333372,0.0236929954578799,proteomics
Q0IIG7|LVLLGESAVGK,Q0IIG7,Q0IIG7,,,0.2988951200000009,0.0249453478693246,proteomics
Q4U5R3|APLDIPVPDPVKEK,Q4U5R3,Q4U5R3,,,0.5192355633333392,0.0250170318475083,proteomics
A7E3W2|EEDEIAMCAHK,A7E3W2,A7E3W2,,,-0.2139477400000018,0.0262565800845684,proteomics
Q32KX8|NPEWGLR,Q32KX8,Q32KX8,,,0.5455287200000001,0.0271719132389053,proteomics
P27674|VTILELFR,P27674,P27674,,,-0.2722397366666662,0.0277907574112068,proteomics
P07456|FFQYDIWK,P07456,P07456,,,-0.2663725699999979,0.0278931896636558,proteomics
P61283|AYVVLGQFLVLK,P61283,P61283,,,-0.4139122066666694,0.0294722515489745,proteomics
Q06154|EACMDISSPGCQLPAQR,Q06154,Q06154,,,-0.6355876066666681,0.0294722515489745,proteomics
P10279|PLIHFGSDYEDR,None #1,P10279,,"novel transcript, antisense to SP110",-0.188291443333334,0.0310895009608959,proteomics
Q29RQ1|CASSHFQFLFTSSK,Q29RQ1,Q29RQ1,,,-0.1380393166666635,0.031328981577761,proteomics
P23389|HSAAQAPGDLQGAR,None #20,P23389,,novel transcript,-0.3111516066666695,0.0313956167977061,proteomics
P09867|IEVIEIMTDR,P09867,P09867,,,0.269665149999998,0.0316079523401965,proteomics
Q3SZA5|LYCPVEFSK,Q3SZA5,Q3SZA5,,,-0.994762986666668,0.0326138635713412,proteomics
Q5E9A6|AEIITVSDGR,Q5E9A6,Q5E9A6,,,-0.3633315666666696,0.0328308172835926,proteomics
Q2KHU0|LALIQPSR,Q2KHU0,Q2KHU0,,,0.3295154200000034,0.0328308172835926,proteomics
Q148F1|AVLFCLSDDKR,Q148F1,Q148F1,,,-0.1570722133333362,0.0339855487031749,proteomics
Q3SWY3|DYPLASKDAK,Q3SWY3,Q3SWY3,,,-0.2960942733333347,0.0354432592266605,proteomics
A5D7B7|FIEMGFIDEKR,A5D7B7,A5D7B7,,,-0.1563989866666695,0.0355559406943209,proteomics
P02694|EIVQEGDHMIIR,P02694,P02694,,,-0.4042317233333321,0.0363281091980295,proteomics
Q3T0K2|EILSEVER,Q3T0K2,Q3T0K2,,,-0.5466043400000054,0.0368260395671247,proteomics
Q3SZK8|LVEPGSPAEK,Q3SZK8,Q3SZK8,,,0.251854016666666,0.0373933057767418,proteomics
Q0II59|APDGSMVTQR,Q0II59,Q0II59,,,0.2791244900000009,0.0375323214446566,proteomics
O46414|IFLQDIK,O46414,O46414,,,0.5210534099999933,0.0377326218037255,proteomics
Q5E963|ALAVGGLGSIIR,Q5E963,Q5E963,,,0.3425118366666702,0.0381448977621854,proteomics
A6H742|HLIPMNPNDDSLFK,A6H742,A6H742,,,0.2816355866666704,0.0390381151731585,proteomics
Q17QH6|EGAFVYADR,Q17QH6,Q17QH6,,,-0.1586786866666685,0.0390381151731585,proteomics
Q2KIW6|ADHDFVVQEDFMK,Q2KIW6,Q2KIW6,,,-0.2185776733333355,0.0390381151731585,proteomics
Q2TBX2|FLLADNLYCK,Q2TBX2,Q2TBX2,,,0.7128085566666655,0.0391535150941503,proteomics
P84081|NISFTVWDVGGQDK,P84081,P84081,,,0.3749178433333284,0.0397274183980582,proteomics
Q29RH3|EQVVDVLTK,Q29RH3,Q29RH3,,,2.027881660000002,0.040248849274714,proteomics
P79124|IFQVVNR,P79124,P79124,,,-0.3472509233333305,0.0417490112869599,proteomics
P13789|YEINVLR,None #9,P13789,,novel transcript,-1.658510829999997,0.0423275224653042,proteomics
P00727|AAANMDLMR,P00727,P00727,,,0.2916467566666618,0.0427166983403384,proteomics
Q2KJ93|WVPEITHHCPK,Q2KJ93,Q2KJ93,,,-0.4075696833333389,0.0429023674242032,proteomics
A5PJV3|QFSEETFEER,A5PJV3,A5PJV3,,,0.6241667500000005,0.0431161604802384,proteomics
P15246|SGGASHSELIHNLR,LINC02587,P15246,LINC02587,long intergenic non-protein coding RNA 2587 [Source:HGNC Symbol;Acc:HGNC:50672],-0.1300195433333364,0.0431855017549623,proteomics
A1A4J1|SGISQGHTVYVVHDGFEGLAK,A1A4J1,A1A4J1,,,-0.3376333533333344,0.0434011795554496,proteomics
Q76I82|HGYIGEFEIIDDHR,Q76I82,Q76I82,,,-0.2403107533333361,0.0442440455012244,proteomics
P48616|DNLAEDIMR,P48616,P48616,,,-0.1685741066666679,0.0450466022009676,proteomics
Q3ZBF7|DVNVNFEK,Q3ZBF7,Q3ZBF7,,,0.6029124633333289,0.045531347808308,proteomics
P35466|ELPSFLGK,P35466,P35466,,,-0.4109646899999966,0.0456624807908855,proteomics
Q5E959|GAVWGATLNK,Q5E959,Q5E959,,,1.112879369999998,0.0459164183379226,proteomics
Q28022|EHEAMKDELCR,Q28022,Q28022,,,-0.2385862099999975,0.0459164183379226,proteomics
Q3SWW9|ICGDIHGQYTDLLR,Q3SWW9,Q3SWW9,,,0.3210497599999975,0.0460432663474403,proteomics
Q2KIA9|LLVDMDPR,Q2KIA9,Q2KIA9,,,0.3734704133333331,0.0460432663474403,proteomics
P38657|YGVSGYPTLK,P38657,P38657,,,-0.6615604166666706,0.046312986634674,proteomics
Q58DC0|FFVLCGDLVHAMPGRPWR,Q58DC0,Q58DC0,,,0.3491496566666647,0.046859497668558,proteomics
Q3SZE2|MFILQSK,Q3SZE2,Q3SZE2,,,-0.4244324100000085,0.0470812343102517,proteomics
Q762I5|AETTCHCQCAGMDWTGAR,Q762I5,Q762I5,,,-0.2011269200000036,0.0483145702846939,proteomics
A7YWP4|AFDTDIHAVRPHR,A7YWP4,A7YWP4,,,0.3451029599999948,0.0484355966912433,proteomics
P31754|AAWEAYLSR,P31754,P31754,,,0.3649476366666633,0.0486817460887831,proteomics
Q58CW0|AACLCFR,Q58CW0,Q58CW0,,,0.3465026966666649,0.0510290586150595,proteomics
Q3ZCI9|APGFAQMLK,Q3ZCI9,Q3ZCI9,,,-0.4418592500000002,0.0511827989703694,proteomics
Q5EA01|EPGEFALLR,Q5EA01,Q5EA01,,,-0.2069039066666711,0.0512190360082894,proteomics
A3KMV5|DEFEGLFK,A3KMV5,A3KMV5,,,0.1714894699999973,0.0512190360082894,proteomics
P31836|ALSSEWKPEIR,P31836,P31836,,,-0.1330665299999971,0.0522467641937734,proteomics
Q2YDE4|DCAVIVTQK,Q2YDE4,Q2YDE4,,,0.1218099900000027,0.0522467641937734,proteomics
Q5KR49|LVIIESDLER,Q5KR49,Q5KR49,,,-0.2797696700000038,0.0538334493419899,proteomics
Q17QG2|DVVVDIQR,Q17QG2,Q17QG2,,,0.5639334033333334,0.0541596384098099,proteomics
P80457|LEGFSVPR,P80457,P80457,,,0.5468872333333401,0.05425753697311,proteomics
P80227|AESFFQTK,P80227,P80227,,,0.2768047166666676,0.0557853144327377,proteomics
G3MYZ3|AQEPEACFK,G3MYZ3,G3MYZ3,,,-0.0995925133333379,0.0560417695194749,proteomics
Q2NL31|LEHAFCTETRPYNQGAR,Q2NL31,Q2NL31,,,-0.5412229666666697,0.0590538563351932,proteomics
Q3ZCD0|NSLCPSSGNVITNLFK,Q3ZCD0,Q3ZCD0,,,-0.1714121033333349,0.0592846622802806,proteomics
P60661|EAFQLFDR,P60661,P60661,,,-0.1890960600000006,0.0599791746434847,proteomics
A4IFG2|GLIVPMENVATIADCASVIEGVSR,A4IFG2,A4IFG2,,,-0.8675451833333412,0.0604546162293529,proteomics
P41541|DSLIENLK,P41541,P41541,,,0.3882211533333297,0.0605055229544402,proteomics
P67774|AHQLVMEGYNWCHDR,P67774,P67774,,,0.5666217566666703,0.0613174020594418,proteomics
Q1JPJ8|FYLDLYPR,Q1JPJ8,Q1JPJ8,,,0.624407730000005,0.0613596208903004,proteomics
A7MB62|GYAFNHSADFETVR,A7MB62,A7MB62,,,0.2044543066666655,0.0616528319154017,proteomics
Q0VCP2|VIYFICDTVLFVR,Q0VCP2,Q0VCP2,,,-0.4545636966666677,0.0618512591692882,proteomics
Q0P5K3|ICLDILK,Q0P5K3,Q0P5K3,,,0.4764518866666662,0.0625119255411364,proteomics
Q08DQ2|GSPLLIGVR,Q08DQ2,Q08DQ2,,,0.3829722066666612,0.0625119255411364,proteomics
P26882|AIQAELLK,None #21,P26882,,"novel transcript, sense intronic to ZDHHC14",0.519131096666662,0.0630579036375726,proteomics
Q0VD53|ELALPGELTQSR,Q0VD53,Q0VD53,,,0.3473270399999961,0.0634946463123343,proteomics
Q9N179|TQTVTISDTANAVK,Q9N179,Q9N179,,,-0.2311997166666692,0.0654907447993642,proteomics
Q3T0L2|GTINFLHADCDK,Q3T0L2,Q3T0L2,,,-0.5220593233333339,0.0659574074096754,proteomics
P86437|GNLMGGWK,P86437,P86437,,,-0.2747766399999989,0.0701452358805317,proteomics
P00435|FLVGPDGVPVRR,P00435,P00435,,,-0.1614003766666663,0.0712459004243804,proteomics
P20456|IILSNIER,P20456,P20456,,,0.786712143333336,0.0713963311913928,proteomics
Q5E9K0|NGIHDLDNISFPK,Q5E9K0,Q5E9K0,,,0.1746861833333284,0.0714682885089775,proteomics
Q148J6|AENFFILR,Q148J6,Q148J6,,,0.1808783733333321,0.0714682885089775,proteomics
Q2KJC9|DLPLAQGIK,Q2KJC9,Q2KJC9,,,0.2408621566666688,0.0714682885089775,proteomics
P80221|CVCLTTTPGIHPK,P80221,P80221,,,-0.8516738033333375,0.0714682885089775,proteomics
Q17R06|GIEELFLDLCK,Q17R06,Q17R06,,,-1.4322337966666687,0.0715986638675248,proteomics
Q32LM2|MGLALSSLNK,Q32LM2,Q32LM2,,,0.4663860466666705,0.0716032511467463,proteomics
P21793|ISPGAFAPLVK,LINC02554,P21793,LINC02554,long intergenic non-protein coding RNA 2554 [Source:HGNC Symbol;Acc:HGNC:53594],-0.540953750000007,0.0720788227840114,proteomics
P00847|FVTLQQWMLQLVSK,P00847,P00847,,,-0.7127328400000046,0.0720788227840114,proteomics
Q3SZD7|FSGDVVLTAR,Q3SZD7,Q3SZD7,,,0.3359513733333337,0.0720788227840114,proteomics
Q3T0Q6|CGETGHVAINCSK,Q3T0Q6,Q3T0Q6,,,1.2729102933333358,0.0720788227840114,proteomics
Q08DM8|EAVTEILGIEPDREK,Q08DM8,Q08DM8,,,0.3439668433333303,0.074000611244121,proteomics
Q3T168|TDTVLILCR,Q3T168,Q3T168,,,0.5798606866666702,0.0742788208347578,proteomics
Q1JPH6|EALTYDGALLGDR,Q1JPH6,Q1JPH6,,,0.2355473033333339,0.0743274547159101,proteomics
Q2KJ39|AGDGDGWVSLAELR,Q2KJ39,Q2KJ39,,,-0.1060903533333323,0.0744258546050265,proteomics
Q2KJ25|LFTTMELMR,Q2KJ25,Q2KJ25,,,-0.4352838733333399,0.0751957733395501,proteomics
Q2T9X2|AYILNLVK,Q2T9X2,Q2T9X2,,,-0.4955066200000004,0.0782005436604446,proteomics
Q5E938|GDDLLPAGTEDYIHIR,Q5E938,Q5E938,,,0.1410673399999957,0.0784874249691446,proteomics
Q2T9Y6|AHEWVPLWLLR,Q2T9Y6,Q2T9Y6,,,-0.2829726933333347,0.0794256288364608,proteomics
Q2NL11|SILLDTLYESIIFAVGK,Q2NL11,Q2NL11,,,-0.5490440533333398,0.0797402728720615,proteomics
P02459|FTYTVLK,P02459,P02459,,,0.2947429733333351,0.0809389768726222,proteomics
Q58D34|AYAQQCVWGHNK,Q58D34,Q58D34,,,-0.1105705999999955,0.0814548549112391,proteomics
Q28824|DLEVVEGSAAR,Q28824,Q28824,,,0.4000787533333323,0.0826122258322245,proteomics
P53712|CDDLEALK,P53712,P53712,,,-0.1828405100000054,0.0826210441763405,proteomics
Q3T035|AYLQQLR,Q3T035,Q3T035,,,0.233740273333332,0.0829516372613122,proteomics
P02769|AEFVEVTK,P02769,P02769,,,-0.1967123366666641,0.0833619316137202,proteomics
P22226|RCEGTVTLDQVR,None #17,P22226,,"novel transcript, antisense to IGF2BP2",-0.3188506700000033,0.0834561721885497,proteomics
P31404|GNEMSEVLR,P31404,P31404,,,0.2264163966666679,0.0839642076672468,proteomics
Q95M18|ELISNASDALDKIR,Q95M18,Q95M18,,,-0.2184863866666688,0.0851166495694521,proteomics
Q28120|GAVDWTQEK,Q28120,Q28120,,,0.2903967333333277,0.0852556807878488,proteomics
Q56JY0|LAQNPLFWK,Q56JY0,Q56JY0,,,0.7783447999999993,0.0854760009688703,proteomics
A6QP79|FSQLEER,A6QP79,A6QP79,,,-0.2382281166666686,0.0856697723835412,proteomics
A4IF97|ELLTTMGDR,A4IF97,A4IF97,,,-0.5919869700000042,0.0856697723835412,proteomics
Q5E9E2|ELLTTMGDR,Q5E9E2,Q5E9E2,,,-0.5919869700000042,0.0856697723835412,proteomics
Q95M12|APLTEHACYQTAVSHFR,Q95M12,Q95M12,,,-0.2529123466666725,0.0862455155253499,proteomics
P28801|AFLASPEHMNRPINGNGK,PCDHGB8P,P28801,PCDHGB8P,"protocadherin gamma subfamily B, 8 pseudogene [Source:HGNC Symbol;Acc:HGNC:8715]",0.1311287166666694,0.0881185226321025,proteomics
Q1RMH8|FTTYEIR,Q1RMH8,Q1RMH8,,,0.3076989899999987,0.0881185226321025,proteomics
P13752|VQHEGLQEPLTLR,TMEM161B-DT #1,P13752,TMEM161B-DT,TMEM161B divergent transcript [Source:HGNC Symbol;Acc:HGNC:43839],-0.1175522466666656,0.0881185226321025,proteomics
A2I7M9|FNLTEIQEK,A2I7M9,A2I7M9,,,-0.217788373333331,0.0881185226321025,proteomics
Q58DH9|FPHGIAFLADYAHSLGLK,Q58DH9,Q58DH9,,,-0.1186527166666628,0.0898814248209147,proteomics
Q9GLE4|SPQSLSAAIAAMQR,Q9GLE4,Q9GLE4,,,-0.6358792666666808,0.0899640418142916,proteomics
P00794|ANNLVGLAK,P00794,P00794,,,-0.3020603133333353,0.0901683271373669,proteomics
Q0VFX8|GVNTGAVGSYIYDKDPEGK,Q0VFX8,Q0VFX8,,,-0.2495814766666697,0.0901683271373669,proteomics
P79121|GGYCSWYR,P79121,P79121,,,-0.2331037933333348,0.0901683271373669,proteomics
Q5E9F9|ELFEMAR,Q5E9F9,Q5E9F9,,,-0.1922716033333351,0.0905680316317057,proteomics
Q95LI2|FTVPQISCDVR,Q95LI2,Q95LI2,,,-0.2789254099999994,0.090771863714259,proteomics
Q3ZBU7|GHYTEGAELVDAVLDVVR,Q3ZBU7,Q3ZBU7,,,0.1187543400000024,0.0910819650669938,proteomics
Q2HJH2|LLLIGDSGVGK,Q2HJH2,Q2HJH2,,,0.2201240200000036,0.0914903214974499,proteomics
Q2HJG5|ACAELHQNVNVK,Q2HJG5,Q2HJG5,,,0.4626372366666622,0.0915489072327207,proteomics
Q0VCX1|EFHIPYSK,Q0VCX1,Q0VCX1,,,-0.1885269899999997,0.0915489072327207,proteomics
Q2HJ54|GPLGPNWK,Q2HJ54,Q2HJ54,,,0.2023130700000024,0.0943183958283287,proteomics
P07507|NANSFISPQQR,P07507,P07507,,,-0.3744704299999988,0.0944374594574465,proteomics
Q9MYY0|GLAPAYLR,Q9MYY0,Q9MYY0,,,2.0196279500000003,0.0967355704900263,proteomics
Q05204|YEVQLMR,Q05204,Q05204,,,-1.2563249600000006,0.0972399399255236,proteomics
Q56JW4|DISPVLKDPTSFR,Q56JW4,Q56JW4,,,0.8572285600000029,0.0977408461294748,proteomics
Q08D91|AQYEEIANR,Q08D91,Q08D91,,,-1.0746109433333366,0.0977408461294748,proteomics
Q5E947|ADEGISFR,Q5E947,Q5E947,,,0.1296809866666635,0.0989518092543728,proteomics
A7YWG4|ALIYQYR,A7YWG4,A7YWG4,,,-0.2186357266666583,0.0999745205870014,proteomics
Q3SWX5|ADQLIQTLR,Q3SWX5,Q3SWX5,,,-0.0915525633333373,0.1025004872148305,proteomics
Q3SYX9|ALAAGGVGSIVR,Q3SYX9,Q3SYX9,,,0.2689985633333336,0.1032244365610187,proteomics
Q3SWW8|AFSGLAQSPEAVELR,Q3SWW8,Q3SWW8,,,-0.1305983133333441,0.104025084642839,proteomics
P12820|FHVPNVTPYIR,TACR3-AS1,P12820,TACR3-AS1,TACR3 antisense RNA 1 [Source:HGNC Symbol;Acc:HGNC:55593],0.1264096766666682,0.1047144449599353,proteomics
Q32P66|TIVEFECR,Q32P66,Q32P66,,,0.7805004933333315,0.1047204054053888,proteomics
A2VE29|SEAVLEVK,A2VE29,A2VE29,,,-0.2530242066666623,0.1060631671656134,proteomics
Q3T0H0|FGQIMIENLR,Q3T0H0,Q3T0H0,,,0.3378340933333348,0.1062699932344171,proteomics
Q1JPB0|HKPSSNILFLGR,Q1JPB0,Q1JPB0,,,-0.1057136466666719,0.1078314173411089,proteomics
P07107|TKPADEEMLFIYSHYK,P07107,P07107,,,0.2591748166666612,0.1103893923920162,proteomics
Q5E9A1|NILFVITKPDVYK,Q5E9A1,Q5E9A1,,,0.8958115099999979,0.1119955294270546,proteomics
P02453|DLEVDTTLK,P02453,P02453,,,0.1243138766666618,0.1135346283144367,proteomics
P26452|GAHSVGLMWWMLAR,FAM66B,P26452,FAM66B,family with sequence similarity 66 member B [Source:HGNC Symbol;Acc:HGNC:28890],-0.3790063599999982,0.1147188733831898,proteomics
P18203|GVQVETISPGDGR,LINC02661,P18203,LINC02661,long intergenic non-protein coding RNA 2661 [Source:HGNC Symbol;Acc:HGNC:54147],-0.2778978666666702,0.1158776903000134,proteomics
A6QM00|YLVEEIK,A6QM00,A6QM00,,,0.5033447733333318,0.1162957640470409,proteomics
P13608|EGCYGDKDEFPGVR,LINC01194,P13608,LINC01194,long intergenic non-protein coding RNA 1194 [Source:HGNC Symbol;Acc:HGNC:37171],-0.0968767266666716,0.1166747233020041,proteomics
Q3T105|AVGESVQKPLDYYR,Q3T105,Q3T105,,,0.1872912766666736,0.1197918113655097,proteomics
Q29RU2|HFQVPVFK,Q29RU2,Q29RU2,,,-0.1491288966666637,0.1197918113655097,proteomics
P42201|AGFTLLGDSALQCRPSR,P42201,P42201,,,-0.2290715233333351,0.1197918113655097,proteomics
Q9TU47|NCLPDSVQIR,Q9TU47,Q9TU47,,,0.1996789466666655,0.1213531006802716,proteomics
Q3ZBZ8|AAALEFLNR,Q3ZBZ8,Q3ZBZ8,,,0.0918034466666668,0.1213531006802716,proteomics
P19534|DWVIPPINLPENSR,LINC02298,P19534,LINC02298,long intergenic non-protein coding RNA 2298 [Source:HGNC Symbol;Acc:HGNC:53216],0.0946336633333295,0.1213531006802716,proteomics
A5D785|EHDPVGQMVNNPK,A5D785,A5D785,,,0.5684873366666601,0.1213531006802716,proteomics
P02672|ALEHKVDLEDYK,P02672,P02672,,,-0.1036727099999978,0.1225601625148441,proteomics
Q5E9K3|GLLTGDSPLGPMTHR,Q5E9K3,Q5E9K3,,,0.4068564866666655,0.125024302029682,proteomics
Q32LE4|ENGLPLEYQK,Q32LE4,Q32LE4,,,0.4614849566666663,0.1255453509072851,proteomics
Q6R8F2|AELDREDVDHVK,Q6R8F2,Q6R8F2,,,-0.1322412833333359,0.1258878379767776,proteomics
Q3SZP2|EYDPVEAR,Q3SZP2,Q3SZP2,,,-0.2978867066666701,0.1260815022316346,proteomics
P63103|SVTEQGAELSNEER,P63103,P63103,,,0.1668130533333354,0.1260815022316346,proteomics
Q3SZC4|EANLLNAVIVQR,Q3SZC4,Q3SZC4,,,0.7947614166666668,0.1264712151494628,proteomics
Q3T000|IILHNTMESLLER,Q3T000,Q3T000,,,-0.2301000433333335,0.1282593519826115,proteomics
P23206|AYPAIGTPIPFDK,None #19,P23206,,novel transcript,0.3441779633333297,0.1282593519826115,proteomics
Q2HJH1|GFFELFPSLSR,Q2HJH1,Q2HJH1,,,0.2477491399999962,0.1289686976379358,proteomics
A4FV08|FFDGDLAK,A4FV08,A4FV08,,,0.1884126966666635,0.1300027311394653,proteomics
P31976|DSAMLEYLK,P31976,P31976,,,-0.2886040666666716,0.1302709075573802,proteomics
Q863B3|QFLPFLQR,Q863B3,Q863B3,,,-0.243546936666668,0.1302709075573802,proteomics
Q3ZBN5|GLTSLYALILNNNK,Q3ZBN5,Q3ZBN5,,,-0.2111928633333342,0.131314791955721,proteomics
Q3ZBG0|ALLEVVQSGGK,Q3ZBG0,Q3ZBG0,,,0.1806422366666638,0.1320376171575111,proteomics
Q2KIM0|VTMLGIQK,Q2KIM0,Q2KIM0,,,-0.3030195799999973,0.1329604308019537,proteomics
P68509|YDDMASAMK,P68509,P68509,,,-0.160341363333341,0.1344387982220306,proteomics
A7YY55|GDNVYEFHLEFLDLVKPEPVYK,A7YY55,A7YY55,,,1.6954354566666616,0.1347855003490003,proteomics
Q6H8M7|PAFASLLR,Q6H8M7,Q6H8M7,,,-0.1423116233333381,0.1361437431576766,proteomics
Q3T0D0|DLAGSIIGK,Q3T0D0,Q3T0D0,,,0.1948973166666618,0.1363404115111156,proteomics
Q3T0V9|IGASTLLADIER,Q3T0V9,Q3T0V9,,,-0.1851010500000036,0.1380433956106281,proteomics
Q5E992|VCQGIGMVNR,Q5E992,Q5E992,,,1.1953091700000016,0.1396283713018005,proteomics
A6H767|FYEEVHDLER,A6H767,A6H767,,,-0.1409921266666707,0.1401933048045001,proteomics
Q2T9S0|LHFFMPGFAPLTAR,Q2T9S0,Q2T9S0,,,-0.6261608833333412,0.1410011773026948,proteomics
Q2HJH9|VSEQGLIEILEK,Q2HJH9,Q2HJH9,,,0.2392548766666635,0.1428668049588951,proteomics
Q58DW2|QVATEFGLK,Q58DW2,Q58DW2,,,1.7771518033333216,0.143459052647384,proteomics
Q3SYV4|CVNSTLQIK,Q3SYV4,Q3SYV4,,,-0.0891487633333305,0.1440577978058592,proteomics
Q32L40|AFHNEAQVNPER,Q32L40,Q32L40,,,-0.8132640600000052,0.1444128637555926,proteomics
P79098|EVVLNWFK,P79098,P79098,,,-0.7296765899999968,0.1448510308861997,proteomics
A4FUA8|DHYSNGFCTVYAK,A4FUA8,A4FUA8,,,0.2248799199999993,0.146521061018957,proteomics
P53710|AFSSHLQYFGR,P53710,P53710,,,-0.0863836100000021,0.146521061018957,proteomics
P01267|ADCSFWSK,P01267,P01267,,,-0.0751291066666723,0.146521061018957,proteomics
Q2HJ58|IFSGSSHQDLSQK,Q2HJ58,Q2HJ58,,,-0.6122264733333367,0.1477713670457609,proteomics
Q3T0Q4|DRPFFPGLVK,Q3T0Q4,Q3T0Q4,,,0.1653845166666663,0.147846785104715,proteomics
Q3SZ43|WQNSYSIK,Q3SZ43,Q3SZ43,,,0.1963906466666607,0.147846785104715,proteomics
A5D989|ATTPQTQHVSPMR,A5D989,A5D989,,,0.2960169233333332,0.1480231083380826,proteomics
Q769I5|EDPIVYEIHPTK,Q769I5,Q769I5,,,-0.2041318400000058,0.1556931771218279,proteomics
P20959|FLNMLSPR,None #15,P20959,,novel transcript,-0.1096057233333347,0.1581457422346514,proteomics
Q0VCK0|ANCWWLR,Q0VCK0,Q0VCK0,,,0.1329175033333278,0.1581457422346514,proteomics
Q9TT94|NIILMSLLHLGALYGITLIPTCK,Q9TT94,Q9TT94,,,-0.2389041699999978,0.1583814843997649,proteomics
Q6QRN6|AYPPTSLSR,Q6QRN6,Q6QRN6,,,0.1978532199999954,0.1596720651599019,proteomics
Q5E9B7|GFSIPDVFR,Q5E9B7,Q5E9B7,,,-0.2657615066666707,0.1599271554020724,proteomics
Q9XSX7|HDAWHFQEP,Q9XSX7,Q9XSX7,,,-0.4069957066666632,0.1611213376223071,proteomics
Q3SZV0|FGQAINLLPER,Q3SZV0,Q3SZV0,,,0.2147704333333315,0.1611213376223071,proteomics
P81947|DVNAAIATIK,P81947,P81947,,,0.1458518666666641,0.1622552659305869,proteomics
P25326|LPDSMDWR,ROPN1L-AS1,P25326,ROPN1L-AS1,ROPN1L antisense RNA 1 [Source:HGNC Symbol;Acc:HGNC:39984],-0.1941581400000096,0.1622552659305869,proteomics
P16116|AIGVSNFNHLQVEK,NRG1-IT1,P16116,NRG1-IT1,NRG1 intronic transcript 1 [Source:HGNC Symbol;Acc:HGNC:43633],0.1806799300000001,0.1635060383488722,proteomics
Q5BIR3|AGQALPLEIR,Q5BIR3,Q5BIR3,,,-0.7054953700000013,0.1637401752679226,proteomics
Q32PE9|NIPMLFVR,Q32PE9,Q32PE9,,,0.5473443799999984,0.1646503123373054,proteomics
Q28019|GAGGPSVPEAR,Q28019,Q28019,,,-0.3038166433333273,0.1655365971321197,proteomics
Q2NL24|EIPIAILLK,Q2NL24,Q2NL24,,,0.3852788966666693,0.1656293568085909,proteomics
Q0VBZ0|NVLVSEDNVAK,Q0VBZ0,Q0VBZ0,,,-1.1957156999999974,0.1656293568085909,proteomics
Q28034|ILIEDWK,Q28034,Q28034,,,-0.1632315666666706,0.1657736933647371,proteomics
Q0VCN1|DIGVPMTSVR,Q0VCN1,Q0VCN1,,,0.2878860933333307,0.1660861960903344,proteomics
Q2KIC5|IVFVTGNAK,Q2KIC5,Q2KIC5,,,0.2795017899999976,0.1682703240968995,proteomics
Q2HJH3|APLVCLPVFVSR,Q2HJH3,Q2HJH3,,,0.294227609999993,0.1682703240968995,proteomics
Q32KL2|AIYQATYR,Q32KL2,Q32KL2,,,0.1118058600000004,0.1700814943996987,proteomics
Q9GMB8|DEWLRPEDLPIK,Q9GMB8,Q9GMB8,,,0.1063579866666692,0.1700814943996987,proteomics
P58108|LVVVDENDVVK,P58108,P58108,,,-1.7635625566666633,0.1703253912264878,proteomics
Q58DD0|ALQHSGTSALSAEK,Q58DD0,Q58DD0,,,0.0946083666666588,0.1727690429238598,proteomics
A2VE23|QAENIIGHGVDPAHK,A2VE23,A2VE23,,,-0.1231493400000083,0.1760688864490284,proteomics
Q7YQJ3|NAVPDIQGDSEAVSVR,Q7YQJ3,Q7YQJ3,,,-0.2277539766666692,0.1780870496523654,proteomics
Q06805|FSGCVCPSGWHGMHCEK,Q06805,Q06805,,,-0.0712815733333265,0.1785359091898523,proteomics
Q5E973|GCGTVLLSGPR,Q5E973,Q5E973,,,0.3700392499999978,0.1789453576613592,proteomics
Q95132|AHLSVVLLR,Q95132,Q95132,,,-0.112798796666663,0.1858696380346946,proteomics
P10731|ANILYAWAR,LINC00160,P10731,LINC00160,long intergenic non-protein coding RNA 160 [Source:HGNC Symbol;Acc:HGNC:1294],-0.2797005999999982,0.1894480235301565,proteomics
P52193|HEQNIDCGGGYVK,P52193,P52193,,,-0.2461539100000003,0.1955847952105499,proteomics
Q3T0I2|GIPYWIVK,Q3T0I2,Q3T0I2,,,-0.1133947633333392,0.196800560034672,proteomics
O18836|IPAMVVDR,O18836,O18836,,,-0.2062812533333371,0.2006492393430854,proteomics
Q2KJ92|DVGPPPGGAPR,Q2KJ92,Q2KJ92,,,0.2934169899999972,0.2017716303543829,proteomics
P61157|HGIVEDWDLMER,P61157,P61157,,,0.3051300233333371,0.2019652797451418,proteomics
Q3SYT7|ILFTEATR,Q3SYT7,Q3SYT7,,,-0.2173868100000007,0.2020351535708474,proteomics
P09487|HETHGGEDVAVFAK,P09487,P09487,,,-0.080276119999997,0.2035303106498965,proteomics
Q0IIG5|IGLIQGNR,Q0IIG5,Q0IIG5,,,-1.0505199133333392,0.2035303106498965,proteomics
P11017|ACGDSTLTQITAGLDPVGR,LINC02885,P11017,LINC02885,long intergenic non-protein coding RNA 2885 [Source:HGNC Symbol;Acc:HGNC:41188],0.2173970800000013,0.2036705796010816,proteomics
A1A4R1|AGLQFPVGR,A1A4R1,A1A4R1,,,-0.1278067266666696,0.2058951928213839,proteomics
Q3ZBX9|AGLQFPVGR,Q3ZBX9,Q3ZBX9,,,-0.1278067266666696,0.2058951928213839,proteomics
P79114|APIDTPTQQLIQDIKENCLNSDVVEQIYK,P79114,P79114,,,-1.8425983799999983,0.2072922742971225,proteomics
P48452|IITEGASILR,P48452,P48452,,,0.1385213633333322,0.2086115155183057,proteomics
Q05B60|PAVYAGEVER,Q05B60,Q05B60,,,0.1728135466666707,0.2086115155183057,proteomics
Q2KHU5|AAGPLLTDECR,Q2KHU5,Q2KHU5,,,0.1020799366666622,0.2089615922031622,proteomics
P04272|AYTNFDAER,P04272,P04272,,,1.598111146666664,0.2117054931134287,proteomics
Q3SZA0|ATTADGSSILDR,Q3SZA0,Q3SZA0,,,-0.1704278433333321,0.2117054931134287,proteomics
O02853|EHFTTFAK,O02853,O02853,,,-0.7049609366666694,0.2128787464875972,proteomics
Q3SZ18|DLNHVCVISETGK,Q3SZ18,Q3SZ18,,,0.256144316666667,0.2136591047225053,proteomics
Q58D08|IAAQTLLGTAK,Q58D08,Q58D08,,,-0.2032281066666676,0.2142747844248574,proteomics
Q3T0W4|IEGFEVLK,Q3T0W4,Q3T0W4,,,0.1908445166666617,0.2146145414023012,proteomics
Q56JV6|QLQMDIIR,Q56JV6,Q56JV6,,,0.920510616666668,0.2153992664859699,proteomics
P98133|CICKPGFQLASDGR,P98133,P98133,,,-0.0950107733333354,0.2153992664859699,proteomics
Q08DS7|AVWLPAVK,Q08DS7,Q08DS7,,,0.3937335199999978,0.2171094821133187,proteomics
Q2YDM1|AILVVFANK,Q2YDM1,Q2YDM1,,,-0.2190965066666734,0.2176252109385273,proteomics
Q2HJ57|FTTGDAMSK,Q2HJ57,Q2HJ57,,,-0.5044418566666664,0.2187584387328572,proteomics
O18979|DPEESEEPKEEEK,O18979,O18979,,,-0.2665874900000027,0.2190645036528525,proteomics
Q3T0M0|IQHILCTGNLCTK,Q3T0M0,Q3T0M0,,,0.2584672933333323,0.2201155482868712,proteomics
Q08E11|DFMIQGGDFTR,Q08E11,Q08E11,,,-0.2211979766666694,0.2201428355026271,proteomics
P49951|HELIEFR,P49951,P49951,,,-0.3046029666666676,0.2203265183356953,proteomics
P04815|AGFCETFVYGGCK,P04815,P04815,,,-0.5352730966666677,0.2219376847092465,proteomics
Q29444|AVNIIEVR,Q29444,Q29444,,,-0.2913561600000065,0.2272029868433954,proteomics
Q3SZ62|FSGWYDADLSPAGHEEAKR,Q3SZ62,Q3SZ62,,,0.1659555533333296,0.2290411438876027,proteomics
Q3SWZ6|LTNVAVVR,Q3SWZ6,Q3SWZ6,,,0.4169091333333306,0.2327314126921961,proteomics
Q58DS9|LVLLGESAVGK,Q58DS9,Q58DS9,,,0.1575360433333301,0.2328995250362721,proteomics
Q2TA40|YAALYQPLFDK,Q2TA40,Q2TA40,,,0.3130918299999976,0.2333235222045206,proteomics
Q1LZE9|LEVSSSCGPQCHK,Q1LZE9,Q1LZE9,,,-0.1393113333333353,0.233900356865048,proteomics
A2VE52|ALDDISESIK,A2VE52,A2VE52,,,-0.1651625633333324,0.233900356865048,proteomics
P11019|ARDDLITDLLNEAK,LINC01399,P11019,LINC01399,long intergenic non-protein coding RNA 1399 [Source:NCBI gene (formerly Entrezgene);Acc:104310353],-0.2376632399999998,0.233900356865048,proteomics
P23795|AQFLAGVR,ZNF273,P23795,ZNF273,zinc finger protein 273 [Source:HGNC Symbol;Acc:HGNC:13067],-0.0785801299999988,0.2367131665989623,proteomics
Q3T0F4|HFYWYLTNEGIQYLR,Q3T0F4,Q3T0F4,,,-1.4944865466666677,0.2367131665989623,proteomics
Q28205|LSDVVPVILR,Q28205,Q28205,,,0.2043636800000037,0.236761910583812,proteomics
P79345|DCGSWVGVIK,P79345,P79345,,,-0.1658687266666731,0.236761910583812,proteomics
Q3SYU6|DGIILCTLMNK,Q3SYU6,Q3SYU6,,,-0.2345969366666693,0.2391168468652365,proteomics
P56425|AVDQFNER,P56425,P56425,,,0.3592569266666672,0.2392326655290286,proteomics
P19803|IDKTDYMVGSYGPR,SNHG21,P19803,SNHG21,small nucleolar RNA host gene 21 [Source:HGNC Symbol;Acc:HGNC:50284],0.1845504366666688,0.2402364435121886,proteomics
P43481|AVPVVSVSK,P43481,P43481,,,0.1230593833333308,0.2420292408581664,proteomics
P01180|CQEENYLPSPCQSGQKPCGSGGR,P01180,P01180,,,-0.2555783866666665,0.2426881487725243,proteomics
Q3SYU7|LIPVLVNGMK,Q3SYU7,Q3SYU7,,,0.3058378499999996,0.2440916168091195,proteomics
Q3MHH4|HEVDMQVLHLLGPK,Q3MHH4,Q3MHH4,,,1.0901970533333325,0.2444887108912962,proteomics
P04985|FPGIGVLPGVPTGAGVKPK,P04985,P04985,,,-0.3783256399999999,0.2469852189816418,proteomics
Q6Q137|VNIIPLIAK,Q6Q137,Q6Q137,,,-0.2862648599999993,0.2469852189816418,proteomics
P54229|YGPIIVPIIR,P54229,P54229,,,-0.0975938999999996,0.2491209569452194,proteomics
Q29RY7|EEIDVLQGR,Q29RY7,Q29RY7,,,-0.0936696066666655,0.2514382511655708,proteomics
Q3SZC2|VSAGEAVVNR,Q3SZC2,Q3SZC2,,,-0.2927588133333323,0.2518379285836601,proteomics
Q2KJI3|VMLETPEYR,Q2KJI3,Q2KJI3,,,-0.4538878333333294,0.2518379285836601,proteomics
Q3T108|AIHSWLTR,Q3T108,Q3T108,,,0.1244362466666686,0.2523105666766795,proteomics
P08037|VAIIIPFR,P08037,P08037,,,-0.0665395066666647,0.2546594919625875,proteomics
Q3T0M7|FLNAENAQK,Q3T0M7,Q3T0M7,,,0.1442482000000033,0.2546594919625875,proteomics
Q5QQ49|FLVLPLTFNR,Q5QQ49,Q5QQ49,,,0.4128296999999996,0.2546594919625875,proteomics
O46385|VDLENVTK,O46385,O46385,,,0.6547126799999958,0.2557418046554617,proteomics
A6QLR4|EVAAPDVGR,A6QLR4,A6QLR4,,,-0.086944080000002,0.2562678092719775,proteomics
P35246|AMLFPNGR,P35246,P35246,,,-0.3476857399999957,0.2564026949294846,proteomics
P43033|MVRPNQDGTLIASCSNDQTVR,P43033,P43033,,,1.1234550433333332,0.257814499670577,proteomics
Q0VCR7|LVPSVNGVR,Q0VCR7,Q0VCR7,,,-0.100628496666669,0.2622056417733814,proteomics
Q29RI9|LETLGIGQR,Q29RI9,Q29RI9,,,0.3820657966666623,0.2628736302693238,proteomics
Q3SYW2|DDFEIFK,Q3SYW2,Q3SYW2,,,-0.4517562333333345,0.2628736302693238,proteomics
Q2KJJ8|AFLLSLAALR,Q2KJJ8,Q2KJJ8,,,-0.1222678600000009,0.2660507178884783,proteomics
Q5EA75|TQGVSTTDLVGR,Q5EA75,Q5EA75,,,1.3211798266666648,0.2663147720448243,proteomics
Q3SYZ4|AGEVVWVR,Q3SYZ4,Q3SYZ4,,,0.3457856266666645,0.2703774518931773,proteomics
P28782|QLLETECPK,PCDHB17P,P28782,PCDHB17P,protocadherin beta 17 pseudogene [Source:HGNC Symbol;Acc:HGNC:14547],-0.0856490066666708,0.2711659352216374,proteomics
Q28046|EGQAPAPPIR,Q28046,Q28046,,,0.0937938466666636,0.2728816416282711,proteomics
A5PJI5|LEETLPVIR,A5PJI5,A5PJI5,,,0.182804086666664,0.2751266013179531,proteomics
Q5I2E5|GPHTSYANGINWK,Q5I2E5,Q5I2E5,,,0.3619081100000016,0.2751985094830487,proteomics
Q17QT7|VMLETPEYR,Q17QT7,Q17QT7,,,-0.4240498533333294,0.2767100770458655,proteomics
Q3ZBZ1|GMLQFMVK,Q3ZBZ1,Q3ZBZ1,,,-0.3297546933333315,0.27829112132818,proteomics
P08728|IVLQIDNAR,P08728,P08728,,,1.1958386933333287,0.2803706865509301,proteomics
Q2TBU9|AAGVVLEMIR,Q2TBU9,Q2TBU9,,,2.244023223333329,0.2843558931501372,proteomics
Q148C8|EQYPGIEIESR,Q148C8,Q148C8,,,0.2859827333333307,0.2860067009649685,proteomics
Q3SYZ6|IHAEALGYR,Q3SYZ6,Q3SYZ6,,,1.3903402833333305,0.2860067009649685,proteomics
Q28146|SADYVNLALK,Q28146,Q28146,,,-0.2320167133333335,0.2866896128216393,proteomics
A5D7A0|EFLLIFR,A5D7A0,A5D7A0,,,2.171686236666666,0.2922960829320833,proteomics
Q08DI5|VPLILVGNK,Q08DI5,Q08DI5,,,1.0137781133333306,0.293199635677554,proteomics
Q3SZF2|DAVLLLFANK,Q3SZF2,Q3SZF2,,,0.1150249666666631,0.2997613920445813,proteomics
Q8MJ50|LALDMATNAACASLLK,Q8MJ50,Q8MJ50,,,0.1689086500000023,0.3046067892817509,proteomics
A6QPQ2|DILSQLEIK,A6QPQ2,A6QPQ2,,,-0.132600933333336,0.3046067892817509,proteomics
Q58D55|FHDHLGEDVLLFTTDGVNER,Q58D55,Q58D55,,,0.3462707399999942,0.3049818511526602,proteomics
P13135|LGFEEFK,ADAMTS12,P13135,ADAMTS12,ADAM metallopeptidase with thrombospondin type 1 motif 12 [Source:HGNC Symbol;Acc:HGNC:14605],-0.1198919166666634,0.3172032108445075,proteomics
Q06807|IEDLPDHIEVNSGK,Q06807,Q06807,,,-0.1143548800000076,0.3199676117116525,proteomics
Q3ZBK6|MPECYIR,Q3ZBK6,Q3ZBK6,,,-1.3025926666666674,0.3217360212026826,proteomics
Q32KP9|LSSLPFQK,Q32KP9,Q32KP9,,,0.0678707600000052,0.3222726185855523,proteomics
P0C0S4|AGLQFPVGR,P0C0S4,P0C0S4,,,-0.1278067266666696,0.3238612986927889,proteomics
Q32LA7|AGLQFPVGR,Q32LA7,Q32LA7,,,-0.1278067266666696,0.3238612986927889,proteomics
Q3SYZ8|VLQELVNDGADDRPAGTR,Q3SYZ8,Q3SYZ8,,,0.2828688333333353,0.3244160140410073,proteomics
Q5E987|EELEEVIK,Q5E987,Q5E987,,,0.1076770733333241,0.3244160140410073,proteomics
Q3ZC48|AGLVLGLLSCLGLSLVANFQK,Q3ZC48,Q3ZC48,,,-0.284133709999999,0.3271992619472211,proteomics
Q3B7N0|LHYEVSSPYFR,Q3B7N0,Q3B7N0,,,0.0760089300000039,0.3272110788629139,proteomics
Q2KHZ8|LLMLDDQR,Q2KHZ8,Q2KHZ8,,,-0.2363429633333353,0.3272110788629139,proteomics
Q3T186|FGGVIELR,Q3T186,Q3T186,,,0.1014810333333287,0.3272110788629139,proteomics
Q5EAC7|ESLSPEEIQSVR,Q5EAC7,Q5EAC7,,,-0.2718795599999986,0.3296048365151879,proteomics
Q6VE48|ILCQPPPEIQNGK,Q6VE48,Q6VE48,,,-0.2037579133333373,0.3313419449956256,proteomics
P07455|APQTGIVDECCFR,P07455,P07455,,,-0.0692663266666677,0.331383650521427,proteomics
A3KN32|IHTGEKPYTCGECGK,A3KN32,A3KN32,,,-0.3739204133333338,0.331383650521427,proteomics
P10948|LQIWDTAGQER,TRMT2A,P10948,TRMT2A,tRNA methyltransferase 2 homolog A [Source:HGNC Symbol;Acc:HGNC:24974],0.1322491833333323,0.333206702752176,proteomics
P10949|LQIWDTAGQER,LINC02891,P10949,LINC02891,long intergenic non-protein coding RNA 2891 [Source:HGNC Symbol;Acc:HGNC:55221],0.1322491833333323,0.333206702752176,proteomics
P11023|LQIWDTAGQER,None #2,P11023,,novel transcript,0.1322491833333323,0.333206702752176,proteomics
Q17QB7|LQIWDTAGQER,Q17QB7,Q17QB7,,,0.1322491833333323,0.333206702752176,proteomics
Q17QU4|LQIWDTAGQER,Q17QU4,Q17QU4,,,0.1322491833333323,0.333206702752176,proteomics
Q29RR0|LQIWDTAGQER,Q29RR0,Q29RR0,,,0.1322491833333323,0.333206702752176,proteomics
Q2TBH7|LQIWDTAGQER,Q2TBH7,Q2TBH7,,,0.1322491833333323,0.333206702752176,proteomics
P13605|ELHLDHNQISR,ROPN1L,P13605,ROPN1L,rhophilin associated tail protein 1 like [Source:HGNC Symbol;Acc:HGNC:24060],0.0844096666666622,0.3335512682832118,proteomics
Q3T0E5|GLFEVNPWK,Q3T0E5,Q3T0E5,,,-0.1826705466666673,0.3343358319263235,proteomics
P0CB32|AFYPEEISSMVLTK,P0CB32,P0CB32,,,-0.1565874566666671,0.3356507094565308,proteomics
Q9MYP6|EGTLAQPLGR,Q9MYP6,Q9MYP6,,,1.5518605833333368,0.3379731807166323,proteomics
Q3MHY6|AVHQGDSGWVPVFVDR,Q3MHY6,Q3MHY6,,,0.1257567700000024,0.3390699221461546,proteomics
P33072|EQAAAPGAWR,P33072,P33072,,,-0.0746542233333329,0.3408215714033592,proteomics
Q32L92|GMSVYGLGR,Q32L92,Q32L92,,,0.219589169999999,0.3414819922432451,proteomics
Q2TBW6|ILLLGLDNAGK,Q2TBW6,Q2TBW6,,,1.5088731933333364,0.3421994310051842,proteomics
Q5EAC2|AIAAPSCFVLKPQR,Q5EAC2,Q5EAC2,,,0.0896218666666683,0.3424513083916553,proteomics
P55252|LLVEAEQAK,P55252,P55252,,,0.2185142899999945,0.3424513083916553,proteomics
O77588|LYPGYYTR,O77588,O77588,,,0.4204000233333325,0.3443201455871966,proteomics
Q3T0C7|DLSLEEIQK,Q3T0C7,Q3T0C7,,,0.2400827600000035,0.3492465045307699,proteomics
A2VE79|AACLCFR,A2VE79,A2VE79,,,0.3580122433333308,0.3492465045307699,proteomics
Q5E964|FLGCVDIK,Q5E964,Q5E964,,,-0.1188486033333333,0.3492465045307699,proteomics
O77742|IDDSVLQEK,O77742,O77742,,,-0.0728814233333281,0.3492915021333074,proteomics
P98107|VPVCEVVR,P98107,P98107,,,0.1809315399999995,0.3493961472356444,proteomics
P19660|AVDQFNER,LETR1 #1,P19660,LETR1,lymphatic endothelial transcriptional regulator lncRNA 1 [Source:HGNC Symbol;Acc:HGNC:49597],-0.3604348800000032,0.3537758096613567,proteomics
Q3SZH7|ASMHPVTAMLVGK,Q3SZH7,Q3SZH7,,,0.0966879666666642,0.3537758096613567,proteomics
A6QLG5|HIDFSLR,A6QLG5,A6QLG5,,,-3.5920231099999995,0.3546561226357745,proteomics
O02703|GGGPTSSEQIMK,O02703,O02703,,,0.998244503333332,0.3546561226357745,proteomics
P01045|ATVQVVGGLK,P01045,P01045,,,-0.0968578266666675,0.35551454862586,proteomics
P79331|ALGVLEER,P79331,P79331,,,-0.0635134333333375,0.3565750324635473,proteomics
Q3ZCK9|QAYTQFGGK,Q3ZCK9,Q3ZCK9,,,0.0584299433333299,0.3574660809611538,proteomics
O97764|GTIEINPR,O97764,O97764,,,0.1875522233333342,0.3582006776641535,proteomics
Q58CS8|DPSPVSGPAHLSR,Q58CS8,Q58CS8,,,-0.0507028933333337,0.3594259323516313,proteomics
O62702|EIPAIPSR,O62702,O62702,,,0.1661218166666742,0.3595303796897973,proteomics
A6H769|AIIIFVPVPQLK,A6H769,A6H769,,,0.2242670433333344,0.3614478847035534,proteomics
Q0VCX5|FHTEALTALLSDDSK,Q0VCX5,Q0VCX5,,,-1.0149578600000029,0.3644281442035863,proteomics
P17870|VQYAPERPGPQPTAETTR,None #22,P17870,,novel transcript,-0.2204137133333326,0.3649375167723364,proteomics
Q1RMJ6|HFCPNVPIILVGNK,Q1RMJ6,Q1RMJ6,,,0.13667679666667,0.3657421818022696,proteomics
Q9GLX9|ANHWSAIIGGSHSK,Q9GLX9,Q9GLX9,,,-0.0721849266666723,0.3753176669048688,proteomics
A6H7B5|YTSQIVGR,A6H7B5,A6H7B5,,,1.6798238766666636,0.3753176669048688,proteomics
Q1JQA5|GVVFDVTSGK,Q1JQA5,Q1JQA5,,,-0.3017121033333367,0.3755505964605367,proteomics
P62157|EAFSLFDKDGDGTITTK,P62157,P62157,,,0.1027421233333285,0.3761935706463109,proteomics
Q5EA61|FPAEDEFPDLSGHNNHMAK,Q5EA61,Q5EA61,,,-0.2492424233333352,0.3792641451822159,proteomics
C0HLN2|DASDQHIEDVVLK,C0HLN2,C0HLN2,,,0.2583322133333254,0.3822373897892969,proteomics
P19661|TSPQPPEQCDFK,LETR1 #2,P19661,LETR1,lymphatic endothelial transcriptional regulator lncRNA 1 [Source:HGNC Symbol;Acc:HGNC:49597],1.2121969866666724,0.3826731762101745,proteomics
Q27991|ADFCIIHYAGK,Q27991,Q27991,,,-0.1896367400000045,0.3826731762101745,proteomics
A2I7N3|LAVSHVIHK,A2I7N3,A2I7N3,,,0.1822555533333343,0.3983636391961603,proteomics
Q5EAD6|FFEVILIDPFHK,Q5EAD6,Q5EAD6,,,0.9269555633333262,0.4004140890805536,proteomics
Q32PA8|GVQILVIGR,Q32PA8,Q32PA8,,,0.1835784033333247,0.4012310011768319,proteomics
A6QLY4|ASAPESGLLSK,A6QLY4,A6QLY4,,,-0.049596633333337,0.4074928624390095,proteomics
P52176|AVIDDAFAR,P52176,P52176,,,-0.060823533333334,0.4111752382157461,proteomics
A6QR56|EALAVANGTPR,A6QR56,A6QR56,,,0.4308681766666637,0.4145102581029802,proteomics
Q56K03|TGAAPIIDVVR,Q56K03,Q56K03,,,-0.1788405566666675,0.41753727140458,proteomics
Q17QL1|LVDPLYSMK,Q17QL1,Q17QL1,,,-0.1797486300000024,0.41753727140458,proteomics
P60712|AGFAGDDAPR,P60712,P60712,,,-0.0552091633333304,0.41753727140458,proteomics
P63258|AGFAGDDAPR,P63258,P63258,,,-0.0552091633333304,0.41753727140458,proteomics
P62998|AVLCPPPVK,P62998,P62998,,,0.055767386666659,0.41753727140458,proteomics
A2VE99|FESDPATHNEPGVR,A2VE99,A2VE99,,,-0.141186856666664,0.4195142803075969,proteomics
O77783|ADPVLYKDDFPEK,O77783,O77783,,,-0.1161015133333336,0.4199860623048887,proteomics
Q6B411|STDYGIFQINSR,Q6B411,Q6B411,,,-0.4987165433333373,0.4199860623048887,proteomics
Q3T0E7|AHQVVEDGYEFFAK,Q3T0E7,Q3T0E7,,,0.134986003333335,0.421267822199515,proteomics
Q2TBG8|VTHETSAHEGQTEAPNIDEK,Q2TBG8,Q2TBG8,,,0.2538820800000039,0.421267822199515,proteomics
A6QQ21|FNVLYDR,A6QQ21,A6QQ21,,,-0.3625287633333336,0.4249580890369211,proteomics
Q17Q89|DLEQQSEQQR,Q17Q89,Q17Q89,,,-0.1736816366666644,0.4249580890369211,proteomics
Q28060|DLINTANWR,Q28060,Q28060,,,0.1462035699999972,0.4252599896310837,proteomics
P08169|AEGDYCEVR,P08169,P08169,,,-0.0398460000000149,0.4252599896310837,proteomics
P98131|TYYWIGIR,P98131,P98131,,,-0.1035988533333345,0.4269371974950351,proteomics
Q3SX44|ALQDLGLR,Q3SX44,Q3SX44,,,-0.0734141066666644,0.4285815977321863,proteomics
Q32P99|VSAIVEQSWNDS,Q32P99,Q32P99,,,-0.0766781899999955,0.4309673977557259,proteomics
P02663|FALPQYLK,P02663,P02663,,,-0.6627226966666697,0.4312245764624175,proteomics
A1A4P5|MVGGVLVER,A1A4P5,A1A4P5,,,0.1270018300000011,0.4326054399007752,proteomics
A6QLP2|TPELTWER,A6QLP2,A6QLP2,,,-1.2849895900000057,0.4344464254414326,proteomics
Q0VCW4|ALGVTTVAAQAMK,Q0VCW4,Q0VCW4,,,-0.2015680700000039,0.4359455951749432,proteomics
Q04173|VANVIAEIAK,Q04173,Q04173,,,0.7638577766666685,0.4440161379423846,proteomics
Q1JPJ2|GGVTEISAANK,Q1JPJ2,Q1JPJ2,,,0.1110094533333381,0.4489092150776,proteomics
Q7SIB2|AHGQDLGTAGSCLR,Q7SIB2,Q7SIB2,,,0.1041186233333348,0.4489092150776,proteomics
Q32S24|DFSLLTAVR,Q32S24,Q32S24,,,0.0865938500000069,0.4575825174560422,proteomics
A6QQ92|ASAATALLLLK,A6QQ92,A6QQ92,,,-0.6100291599999998,0.4575825174560422,proteomics
Q2TBX6|DVFISAAER,Q2TBX6,Q2TBX6,,,0.0597380600000043,0.4584211647531466,proteomics
Q2HJ49|ALTSELANAR,Q2HJ49,Q2HJ49,,,-0.0462489499999954,0.4585122831588616,proteomics
Q3T199|VANVSLLALYK,Q3T199,Q3T199,,,-0.5521815966666637,0.4615283787046259,proteomics
Q32LE5|DLSAGAVSAVR,Q32LE5,Q32LE5,,,-0.0407001300000047,0.4620401258573306,proteomics
Q58DL7|LCTDNLDQGSKTLETCK,Q58DL7,Q58DL7,,,-1.014096109999997,0.4666930243375607,proteomics
Q9XT56|VTFSDTGITFHSVTR,Q9XT56,Q9XT56,,,-0.5588534900000006,0.4692100367362913,proteomics
P62871|ELAGHTGYLSCCR,P62871,P62871,,,0.0820218333333322,0.4705302003354807,proteomics
P62194|ELFVMAR,P62194,P62194,,,-0.1667627499999966,0.4705302003354807,proteomics
Q3ZBD9|EYDPVAAR,Q3ZBD9,Q3ZBD9,,,-0.0813190700000063,0.4705302003354807,proteomics
Q3T0X5|FVFDRPLPVSR,Q3T0X5,Q3T0X5,,,0.0561503533333294,0.47223556904829,proteomics
A6QQF6|FGQGAHHAAGQFGNEAEK,A6QQF6,A6QQF6,,,0.049319126666667,0.4772596665134269,proteomics
Q58D84|GEPTCLCIEQCKPHK,Q58D84,Q58D84,,,-0.0498526233333294,0.4808013536488241,proteomics
Q5E9E7|FYLPILVPR,Q5E9E7,Q5E9E7,,,-0.1320302700000049,0.4823711476840021,proteomics
P07688|AGHNFYNVDLSYVK,P07688,P07688,,,-0.064105290000004,0.4841760036535178,proteomics
Q29RY9|IPSFQGLK,Q29RY9,Q29RY9,,,-0.0675350366666656,0.4858909075052526,proteomics
A1A4K3|TVPLYESPR,A1A4K3,A1A4K3,,,0.0989118533333339,0.4879444488916792,proteomics
Q2KI42|EQSILELGSLLAK,Q2KI42,Q2KI42,,,-0.1706882100000015,0.4897861757519271,proteomics
Q27972|FSDGAFLGVTTLK,Q27972,Q27972,,,-0.0851656500000004,0.4907737493000965,proteomics
O18789|GTGIVSAPVPK,O18789,O18789,,,-0.4976238066666703,0.4913061862950314,proteomics
Q6EWQ7|EDLRLPEGDLGK,Q6EWQ7,Q6EWQ7,,,0.1055171733333324,0.4924371991430362,proteomics
Q32KV6|ALFALCSLLR,Q32KV6,Q32KV6,,,0.549890629999993,0.4924371991430362,proteomics
P17248|DMHQILDAYENK,ETDA,P17248,ETDA,embryonic testis differentiation homolog A [Source:HGNC Symbol;Acc:HGNC:53449],-0.0519310333333393,0.4943754382459697,proteomics
Q56K04|EVYFAER,Q56K04,Q56K04,,,-0.4289783433333305,0.4952845432092095,proteomics
Q32LG3|ANAFVAELK,Q32LG3,Q32LG3,,,0.5065335133333342,0.4952845432092095,proteomics
P33672|DAVSGMGVIVHIIEK,MAX,P33672,MAX,MYC associated factor X [Source:HGNC Symbol;Acc:HGNC:6913],0.1754925066666643,0.4987544332144161,proteomics
A6H7G2|QLTQPDTPISR,A6H7G2,A6H7G2,,,0.1937137666666686,0.5011744633136894,proteomics
A5PJP6|VCLESAVELPK,A5PJP6,A5PJP6,,,0.1245193833333324,0.5045661443051062,proteomics
A1L595|LLEGEDAHLTQYK,A1L595,A1L595,,,-1.0327959100000008,0.5045661443051062,proteomics
P80311|IGDEDIGR,P80311,P80311,,,-0.203886283333329,0.508509063322093,proteomics
Q0VCP3|AALPYFPR,Q0VCP3,Q0VCP3,,,-0.0675197366666608,0.5103225028522158,proteomics
A1A4Q2|GYWLVTVLHDR,A1A4Q2,A1A4Q2,,,-0.1491161333333366,0.5105677070156753,proteomics
Q3T0Y5|AANGVVLATEK,Q3T0Y5,Q3T0Y5,,,0.045426493333327,0.511094872034496,proteomics
O02675|GSPLVVISQGK,O02675,O02675,,,0.0579116866666673,0.511499887040892,proteomics
Q29RU6|SAAVPLASVSLIPYCLAWVLGQPNK,Q29RU6,Q29RU6,,,-0.227478606666672,0.511499887040892,proteomics
Q32PF2|AIVWGMQTR,Q32PF2,Q32PF2,,,0.1657742766666636,0.5138013360596836,proteomics
Q3SX30|GGMIVDPLR,Q3SX30,Q3SX30,,,-0.7993387433333403,0.5157641343220856,proteomics
Q3ZCF3|GLLDVTCK,Q3ZCF3,Q3ZCF3,,,0.449616036666665,0.519824413092081,proteomics
O02741|SSPYEVQLK,O02741,O02741,,,0.1574964266666647,0.519824413092081,proteomics
Q0IIF7|DLFDSMDK,Q0IIF7,Q0IIF7,,,0.0566768033333282,0.5231206847440207,proteomics
P01317|GFFYTPK,P01317,P01317,,,0.3672777066666661,0.5287505139940736,proteomics
Q2TA29|AQIWDTAGQER,Q2TA29,Q2TA29,,,0.0824311933333383,0.5287505139940736,proteomics
Q3ZBT5|ITQCSAEIQR,Q3ZBT5,Q3ZBT5,,,-0.2568752099999969,0.5302672309047491,proteomics
P15467|NGQMNCHEGVVR,POT1-AS1,P15467,POT1-AS1,POT1 antisense RNA 1 [Source:HGNC Symbol;Acc:HGNC:49459],0.0477793566666591,0.5310481394014065,proteomics
Q3T106|AFSYYGPLR,Q3T106,Q3T106,,,-0.0996924766666573,0.5317692497796842,proteomics
P20004|LEAPDADELPR,None #14,P20004,,novel transcript,0.204768273333336,0.5326560171245879,proteomics
Q58DA0|ITFCTGIR,Q58DA0,Q58DA0,,,-0.3487114200000007,0.5326560171245879,proteomics
Q2TA21|LGDNTETQVR,Q2TA21,Q2TA21,,,-0.1286832333333372,0.5411206690734724,proteomics
Q3T004|DNELLVFK,Q3T004,Q3T004,,,0.0589346299999995,0.5411206690734724,proteomics
A7MBJ4|AGLGEEFEK,A7MBJ4,A7MBJ4,,,-0.036453900000005,0.5421305755922459,proteomics
Q5E946|DGLILTSR,Q5E946,Q5E946,,,0.1339117033333323,0.5423975169926799,proteomics
Q1RMU3|DPEGFVGHPVNAFK,Q1RMU3,Q1RMU3,,,0.1372431033333292,0.5464187696420804,proteomics
Q29RK4|EQVIAALR,Q29RK4,Q29RK4,,,0.1550410233333323,0.5483216542830504,proteomics
A4FV54|LQIWDTAGQER,A4FV54,A4FV54,,,-0.1393802100000023,0.5504278689480333,proteomics
Q0P5A6|DPLELFR,Q0P5A6,Q0P5A6,,,0.0887790900000062,0.5507614011729851,proteomics
Q2KJ33|ELKGELYCLPCHDK,Q2KJ33,Q2KJ33,,,-0.1852563799999984,0.5553842449169879,proteomics
Q0VCG9|ALDDLLQASR,Q0VCG9,Q0VCG9,,,-0.047558676666668,0.5553842449169879,proteomics
Q3T0I5|GLLQTEPQNNQAK,Q3T0I5,Q3T0I5,,,-0.2332018233333386,0.5553842449169879,proteomics
A6QR46|GSDVIIMLVGNK,A6QR46,A6QR46,,,0.0694320933333294,0.5555006583147732,proteomics
Q3MHM5|AVLVDLEPGTMDSVR,Q3MHM5,Q3MHM5,,,0.0825332799999962,0.5564498067904272,proteomics
A2VE10|AEDVPVALK,A2VE10,A2VE10,,,-0.0482980933333401,0.5573559310437258,proteomics
Q9N2J2|ILAFPCNQFGR,Q9N2J2,Q9N2J2,,,0.1813570033333356,0.5606951140949377,proteomics
O97680|MIKPFFHSLSEK,O97680,O97680,,,0.1404080433333341,0.5669316677479879,proteomics
A5PJQ2|HAGLLDGLAR,A5PJQ2,A5PJQ2,,,0.5465383300000006,0.5669316677479879,proteomics
Q28038|FLTIHQGQVVYIFSK,Q28038,Q28038,,,-0.0877855500000066,0.5671972254363544,proteomics
Q2HJB0|LGPGLEVWATPGHGGQR,Q2HJB0,Q2HJB0,,,-0.5604242900000003,0.5672977799818055,proteomics
Q56JZ9|ETDNAAIVMK,Q56JZ9,Q56JZ9,,,-0.2821808866666657,0.5675195886222617,proteomics
Q58DA7|ASVMLFMK,Q58DA7,Q58DA7,,,0.1143362799999963,0.5683924390041187,proteomics
Q76I81|LGEWVGLCK,Q76I81,Q76I81,,,1.1819038700000029,0.5683924390041187,proteomics
Q645M6|AAMEIICDNVGK,Q645M6,Q645M6,,,-0.2087087666666676,0.5683924390041187,proteomics
Q3ZCF7|SQWSPALTISK,Q3ZCF7,Q3ZCF7,,,0.0593240333333326,0.5683924390041187,proteomics
Q24K02|GLELANGIK,Q24K02,Q24K02,,,-0.3907700633333348,0.5701574012363472,proteomics
Q56JX6|EGDVLTLLESER,Q56JX6,Q56JX6,,,-0.0804798566666704,0.5701574012363472,proteomics
P35445|ADCVLER,P35445,P35445,,,-0.0492828633333424,0.5701574012363472,proteomics
Q2KII4|LISSDGHEFIVK,Q2KII4,Q2KII4,,,-0.785294573333335,0.5701574012363472,proteomics
P10152|VIVVGCENGLPVHFDESFITPR,TTN-AS1,P10152,TTN-AS1,TTN antisense RNA 1 [Source:HGNC Symbol;Acc:HGNC:44124],0.0457533466666646,0.5701574012363472,proteomics
Q0V8R6|EVIEYAR,Q0V8R6,Q0V8R6,,,-0.1377819766666697,0.5727513790721355,proteomics
Q9BH13|APFLETDK,Q9BH13,Q9BH13,,,-0.0529919033333357,0.5769041532087005,proteomics
P36225|FSEAEVVPVPVK,P36225,P36225,,,0.2191617933333312,0.5787738856482688,proteomics
A3KN12|KVDIEVLSVLASLGASVHK,A3KN12,A3KN12,,,0.1063669866666607,0.5857423622546638,proteomics
Q5E958|ELEFYLR,Q5E958,Q5E958,,,-0.5126849733333323,0.5857423622546638,proteomics
P13753|VQHEGLQEPLTLR,TMEM161B-DT #2,P13753,TMEM161B-DT,TMEM161B divergent transcript [Source:HGNC Symbol;Acc:HGNC:43839],-0.1375152600000007,0.5874192782370115,proteomics
P58280|SCCSCCPVGCAK,P58280,P58280,,,0.3002776166666692,0.5874192782370115,proteomics
P67983|SCCSCCPVGCAK,P67983,P67983,,,0.3002776166666692,0.5874192782370115,proteomics
P68301|SCCSCCPVGCAK,P68301,P68301,,,0.3002776166666692,0.5874192782370115,proteomics
P61286|GFGFVSFER,P61286,P61286,,,0.140495039999994,0.5912491682595897,proteomics
A7Z050|VYTVGPDYAHAEARK,A7Z050,A7Z050,,,-0.1542527433333376,0.6026007851790336,proteomics
P33545|DKDLINTANWR,GRIP2,P33545,GRIP2,glutamate receptor interacting protein 2 [Source:HGNC Symbol;Acc:HGNC:23841],-0.0761571800000027,0.6059864452352998,proteomics
Q32KN8|AVFVDLEPTVVDEVR,Q32KN8,Q32KN8,,,-0.709078139999999,0.6071256594279953,proteomics
Q0IIG8|ILIIGESGVGK,Q0IIG8,Q0IIG8,,,0.1696039766666643,0.6076566552932421,proteomics
P79105|IFQDLDADK,P79105,P79105,,,0.080652203333333,0.6083659333667255,proteomics
Q71SP7|AIGGTLPQR,Q71SP7,Q71SP7,,,0.1901522133333308,0.6112693351144575,proteomics
F1N152|ESTLNMVVR,F1N152,F1N152,,,-0.0617478666666713,0.6130206363073782,proteomics
Q5E9E1|HRHPECYVCTDCGTNLK,Q5E9E1,Q5E9E1,,,-0.0601281400000033,0.6149642099716291,proteomics
P61282|ILGGSVLHLVLALR,P61282,P61282,,,-0.2959255866666694,0.6151033123022834,proteomics
P61585|HFCPNVPIILVGNK,P61585,P61585,,,0.057133023333332,0.6239229285300933,proteomics
Q1RMX2|SQWSPALTISK,Q1RMX2,Q1RMX2,,,-0.0861567699999987,0.6243111124956455,proteomics
Q1RMT9|GPWCYVSGEAGAPEK,Q1RMT9,Q1RMT9,,,-0.1359178466666684,0.6260797823956343,proteomics
Q3ZCK3|ASAYVFASPGCK,Q3ZCK3,Q3ZCK3,,,0.1106548066666626,0.6284057375570327,proteomics
Q3ZCF5|TVQGPPSSDYIFER,Q3ZCF5,Q3ZCF5,,,0.7610826533333324,0.6288814349690723,proteomics
Q5E953|VVSEIPVLK,Q5E953,Q5E953,,,0.1173818566666682,0.6364690991775352,proteomics
Q95L39|LSVGSVYRPNQNGR,Q95L39,Q95L39,,,-0.0564939400000028,0.6415578164944159,proteomics
Q148M6|AAGAHWDGEKEVLAVER,Q148M6,Q148M6,,,-0.0865329366666678,0.6448797264294781,proteomics
P0CG53|ESTLHLVLR,P0CG53,P0CG53,,,-0.1340261133333307,0.6448797264294781,proteomics
P0CH28|ESTLHLVLR,P0CH28,P0CH28,,,-0.1340261133333307,0.6448797264294781,proteomics
P62992|ESTLHLVLR,P62992,P62992,,,-0.1340261133333307,0.6448797264294781,proteomics
P63048|ESTLHLVLR,P63048,P63048,,,-0.1340261133333307,0.6448797264294781,proteomics
Q0P594|AHQLVMEGYNWCHDR,Q0P594,Q0P594,,,0.5232023433333346,0.6455309715481675,proteomics
Q28106|AHSDGGDGVVSQVK,Q28106,Q28106,,,-0.0299505666666668,0.6479685229641108,proteomics
P52175|EIALWFR,P52175,P52175,,,-0.0505873900000146,0.6484356918283742,proteomics
P63009|AVWLPAVK,P63009,P63009,,,0.1076073699999966,0.6515997665195811,proteomics
Q3T0G5|ASNPQILSSCPEIK,Q3T0G5,Q3T0G5,,,-0.5163135066666626,0.6515997665195811,proteomics
P02668|SPAQILQWQVLSNTVPAK,P02668,P02668,,,-0.5176396333333351,0.6530963835101341,proteomics
Q2HJ86|ELIDLVLDR,Q2HJ86,Q2HJ86,,,-0.0265096866666674,0.6540022912978454,proteomics
Q95117|QGCEPILIK,Q95117,Q95117,,,-0.1126957666666648,0.6552490469246222,proteomics
Q28125|GLGWAAFR,Q28125,Q28125,,,0.0412874833333347,0.656503809150494,proteomics
Q5E9F5|ENFQNWLK,Q5E9F5,Q5E9F5,,,0.0206804366666659,0.656503809150494,proteomics
Q3ZBV1|FGLIQSMK,Q3ZBV1,Q3ZBV1,,,0.7070928533333323,0.657080266804763,proteomics
Q9MYM4|AVPTFFPK,Q9MYM4,Q9MYM4,,,-0.2572828033333358,0.6587756096136019,proteomics
Q08DY9|LFIIQACR,Q08DY9,Q08DY9,,,-0.0869201766666698,0.6587756096136019,proteomics
Q2HJ33|GFIMAEVMK,Q2HJ33,Q2HJ33,,,-0.3241819299999982,0.6591044413123146,proteomics
Q27977|SPASSGPQILK,Q27977,Q27977,,,0.0917717799999984,0.6591044413123146,proteomics
P81287|LYDAYELK,P81287,P81287,,,0.1754336566666623,0.6591044413123146,proteomics
Q8HYI9|IQQLTTLGAAQATAK,Q8HYI9,Q8HYI9,,,0.0900457133333354,0.6626995610788889,proteomics
Q56JV9|ACQSIYPLHDVFVR,Q56JV9,Q56JV9,,,-0.0409750866666698,0.6649756759225295,proteomics
A6QLD2|LNAVDLSTQK,A6QLD2,A6QLD2,,,-0.1193971866666672,0.6727560674117533,proteomics
P02662|FFVAPFPEVFGK,P02662,P02662,,,-0.1990652733333355,0.6727560674117533,proteomics
O46411|DAVDWVHYK,O46411,O46411,,,0.1396200633333322,0.6749404319278879,proteomics
Q2YDE9|EGDPAIYAER,Q2YDE9,Q2YDE9,,,-0.1295526966666642,0.6811096684890438,proteomics
Q5E9R3|EHQISPGDFPNLR,Q5E9R3,Q5E9R3,,,0.0309796300000044,0.6846963550778864,proteomics
Q2KJ44|LVALLNTLDR,Q2KJ44,Q2KJ44,,,-0.081918409999993,0.6853507612321419,proteomics
Q1JPA6|DKLDLETLTDILQHQIR,Q1JPA6,Q1JPA6,,,0.3430594166666623,0.6853507612321419,proteomics
P05307|FFPASADR,P05307,P05307,,,-0.0522243466666658,0.6853507612321419,proteomics
P81125|HDAATCFVDAGNAFK,P81125,P81125,,,0.2893197366666733,0.6860851593177271,proteomics
P21856|VVEGSFVYK,RFT1,P21856,RFT1,RFT1 homolog [Source:HGNC Symbol;Acc:HGNC:30220],0.0632861366666688,0.6867844868894923,proteomics
P11116|DAGAWGAEQR,None #4,P11116,,novel transcript,0.0343844199999985,0.6867844868894923,proteomics
P31408|TPVSEDMLGR,P31408,P31408,,,-0.0817889433333398,0.6867844868894923,proteomics
Q9XSC9|EFWQVLR,Q9XSC9,Q9XSC9,,,-0.1274319133333321,0.6867844868894923,proteomics
P07514|DILLRPELEELR,P07514,P07514,,,0.1451706866666704,0.6913301483298387,proteomics
P02754|TPEVDDEALEKFDK,P02754,P02754,,,-0.3045356633333362,0.6936925853256718,proteomics
Q3ZCE0|TVAVITSDGR,Q3ZCE0,Q3ZCE0,,,0.0756082533333319,0.7021832580311641,proteomics
Q2KJH4|DYSGQGVVK,Q2KJH4,Q2KJH4,,,0.0223858466666619,0.7021832580311641,proteomics
A7MB46|GTPSLSTVK,A7MB46,A7MB46,,,-0.0290793433333291,0.7029576666739353,proteomics
Q05B62|IVNHPTMLQDPDVR,Q05B62,Q05B62,,,0.4361904099999947,0.7029576666739353,proteomics
Q0P569|DLAQYDAAHHEEFKR,Q0P569,Q0P569,,,-0.0228171100000054,0.7056469489827201,proteomics
O62830|HVIEAVYSR,O62830,O62830,,,-0.6554738499999999,0.7124727300630249,proteomics
Q2KJC8|FVPEECPR,Q2KJC8,Q2KJC8,,,0.0431994600000003,0.7145757634052449,proteomics
Q58CY6|FGCMVCR,Q58CY6,Q58CY6,,,0.3803087066666641,0.723592436753016,proteomics
Q5E9T9|QIGNVAALPGIVHR,Q5E9T9,Q5E9T9,,,0.2233351800000029,0.7283621098279255,proteomics
A7E3C4|FTQLEDR,A7E3C4,A7E3C4,,,0.4257239066666614,0.732758933581071,proteomics
Q3SYX0|ELQDVDLAEVKPLVEK,Q3SYX0,Q3SYX0,,,0.2186548166666675,0.7333721351927457,proteomics
Q08DN8|HGVPISVTGIAQVK,Q08DN8,Q08DN8,,,0.4884509133333345,0.7361628910876311,proteomics
Q2KJG3|DVCLYPR,Q2KJG3,Q2KJG3,,,-0.2621468766666659,0.7361628910876311,proteomics
P56701|VGQAVDVVGQAGKPK,P56701,P56701,,,0.1550188399999967,0.7436205308114943,proteomics
O46677|AAMLLLLLVAAGR,O46677,O46677,,,0.0613295000000029,0.7444922184151165,proteomics
P54281|AEIEDFSR,P54281,P54281,,,-0.0602787433333276,0.744944102843197,proteomics
A3KMV2|ILSDDVPIR,A3KMV2,A3KMV2,,,-0.0866090600000006,0.7474459951509475,proteomics
A2I7N0|GPTLTEILEGLK,A2I7N0,A2I7N0,,,0.0469163433333292,0.7474459951509475,proteomics
Q3ZEJ6|GPTLTEILEGLK,Q3ZEJ6,Q3ZEJ6,,,0.0469163433333292,0.7474459951509475,proteomics
Q5EA66|GDFWLGNDHIHR,Q5EA66,Q5EA66,,,-0.0871134533333339,0.7474459951509475,proteomics
O62644|ISGGGFCIK,O62644,O62644,,,0.0744986833333385,0.7487926803168741,proteomics
P68401|IIVLGLLPR,P68401,P68401,,,0.0489715099999905,0.7513316327221001,proteomics
Q2TBU0|APEIANSHVEYSVR,Q2TBU0,Q2TBU0,,,-0.0287971200000072,0.7529895570934959,proteomics
P63243|YWLCAATGPSIK,P63243,P63243,,,0.4066120799999986,0.753216048659318,proteomics
Q6H236|SFIHSTILTK,Q6H236,Q6H236,,,-0.2474268766666618,0.7535008711316702,proteomics
O97583|FLIVGPQK,O97583,O97583,,,0.3081772799999918,0.7557292759906584,proteomics
Q3T030|GVLMYGPPGCGK,Q3T030,Q3T030,,,0.0704684666666572,0.7569429516170995,proteomics
Q1ZYR0|LQAPVWEFK,Q1ZYR0,Q1ZYR0,,,-0.0803701766666691,0.7615447248854045,proteomics
Q2HJ60|DYFEEYGK,Q2HJ60,Q2HJ60,,,-0.1042081999999986,0.7646936617893041,proteomics
Q9TU03|APEPHVEEDDDELDGK,Q9TU03,Q9TU03,,,-0.093519726666674,0.7678561072342704,proteomics
Q4JIJ3|IPLLIGGATTSR,Q4JIJ3,Q4JIJ3,,,0.0948281099999945,0.7692037404572132,proteomics
Q17QK8|VLLINNAGTLGDVSK,Q17QK8,Q17QK8,,,-0.5305696033333369,0.7755406230064452,proteomics
P18341|QLYIDFR,PAK1,P18341,PAK1,p21 (RAC1) activated kinase 1 [Source:HGNC Symbol;Acc:HGNC:8590],-0.2029752299999998,0.7762424085469151,proteomics
Q2HJ89|EVQMGDFVR,Q2HJ89,Q2HJ89,,,-0.0856179333333386,0.7762424085469151,proteomics
Q92176|DAGPLLISLK,Q92176,Q92176,,,-0.0393369499999991,0.7785744680754746,proteomics
P32592|IGFGSFVDK,P32592,P32592,,,0.0672173966666669,0.7882154589348579,proteomics
P61284|IGPLGLSPK,P61284,P61284,,,-0.0161035566666711,0.7942657849846039,proteomics
Q9N0T5|WLITLNK,Q9N0T5,Q9N0T5,,,0.0259851766666656,0.7986532200518108,proteomics
Q8SQA4|HVTVTHLLSGLEQILR,Q8SQA4,Q8SQA4,,,-0.0292307800000024,0.8009169310580432,proteomics
P69678|GKIEEDSEVLMMIK,P69678,P69678,,,0.1129883966666689,0.8009169310580432,proteomics
A5D7I4|DQLSPQYVHNLR,A5D7I4,A5D7I4,,,-0.031401510000002,0.8009169310580432,proteomics
Q5E9X0|SSYISICNR,Q5E9X0,Q5E9X0,,,0.0443436300000001,0.8009169310580432,proteomics
Q5E956|DLGATWVVLGHSER,Q5E956,Q5E956,,,-0.0384025066666744,0.8021503282372696,proteomics
Q0IIH7|MSSCGGYLR,Q0IIH7,Q0IIH7,,,0.5722120833333335,0.8026147057732825,proteomics
A4IFD8|CWTWDDIMKLEIDEIAAPR,A4IFD8,A4IFD8,,,0.1292292866666677,0.8026147057732825,proteomics
Q6UC88|NQFVVIPR,Q6UC88,Q6UC88,,,-0.0734103166666706,0.8026147057732825,proteomics
Q9XTA3|VHVLPRPLESTGAVVYR,Q9XTA3,Q9XTA3,,,0.022461323333335,0.8026147057732825,proteomics
Q6B856|AILVDLEPGTMDSVR,Q6B856,Q6B856,,,-0.0222419666666695,0.803245062942891,proteomics
P42899|ILDSVGIEADDDRLNK,P42899,P42899,,,0.029095993333339,0.8041698395094432,proteomics
Q3SZX4|EKGEFQLLLDALDK,Q3SZX4,Q3SZX4,,,-0.0243986700000036,0.8110508519294595,proteomics
A5PJD0|LSDPAAAPR,A5PJD0,A5PJD0,,,-0.1278981733333353,0.8136048552000646,proteomics
P55918|GFYYSLK,P55918,P55918,,,-0.3522530200000062,0.8150876172939427,proteomics
P60984|FIVYSYK,P60984,P60984,,,0.1238036066666694,0.816361159884677,proteomics
O62768|LELTPVAIQAGR,O62768,O62768,,,-0.0568660933333369,0.8170227516114511,proteomics
Q148I1|LQCLGLQSR,Q148I1,Q148I1,,,0.3110614100000006,0.821649163810882,proteomics
Q32PA4|WAEYHADIYDK,Q32PA4,Q32PA4,,,0.0433029333333365,0.8240413616363148,proteomics
Q8MKF1|LIVYLQR,Q8MKF1,Q8MKF1,,,-0.1183360166666709,0.8244185321211903,proteomics
Q0P5H1|LVCSGLLK,Q0P5H1,Q0P5H1,,,-0.0552652666666659,0.8262591760027402,proteomics
P09611|EAAANTEDEALLR,P09611,P09611,,,-0.0888759100000022,0.8302623564321107,proteomics
A4IF69|TVSVFPVFR,A4IF69,A4IF69,,,-0.2837501299999996,0.8314676220802568,proteomics
Q2TBM7|EVAPEQPSDLR,Q2TBM7,Q2TBM7,,,0.3163497499999934,0.834699169737562,proteomics
Q5EA80|ALPPALAALR,Q5EA80,Q5EA80,,,-0.641774123333331,0.834699169737562,proteomics
A4FV58|ASPFSGALQLTDLDDFIAPSQDCIK,A4FV58,A4FV58,,,-0.2363773300000033,0.834699169737562,proteomics
Q5E9B3|RVNVQPELVS,Q5E9B3,Q5E9B3,,,-0.281393290000004,0.8369317599981118,proteomics
Q2KJD0|ALTVPELTQQVFDAK,Q2KJD0,Q2KJD0,,,-0.0109963466666656,0.8414087955066812,proteomics
Q58CX7|DASALGVIDR,Q58CX7,Q58CX7,,,0.0254087266666651,0.845057277175966,proteomics
P48018|RPIAQWHTLQVEEEVDAMLAVK,P48018,P48018,,,0.2009173266666692,0.845057277175966,proteomics
A6BMK7|GTLLAFAEAR,A6BMK7,A6BMK7,,,0.0806882533333386,0.845057277175966,proteomics
P68102|INLIAPPR,P68102,P68102,,,0.0567953033333274,0.8493941187022143,proteomics
Q56K14|AAGVNVEPFWPGLFAK,Q56K14,Q56K14,,,-0.0441987066666733,0.8497308971573951,proteomics
P30922|LVMGIPTFGR,P30922,P30922,,,0.0459827399999959,0.8509034938912409,proteomics
A5PJU6|YLYALGQNR,A5PJU6,A5PJU6,,,0.1794861433333352,0.8554137880672595,proteomics
P11151|AQQHYPVSAGYTK,TTC28-AS1,P11151,TTC28-AS1,TTC28 antisense RNA 1 [Source:HGNC Symbol;Acc:HGNC:29336],0.0518649633333332,0.8554137880672595,proteomics
Q3ZBH0|LAVEAVLR,Q3ZBH0,Q3ZBH0,,,0.0488932833333315,0.8554137880672595,proteomics
Q2NKY7|ILDEIEEHNIK,Q2NKY7,Q2NKY7,,,0.0199577566666668,0.8554137880672595,proteomics
Q5E9D5|CIIVEEGK,Q5E9D5,Q5E9D5,,,0.0157428866666577,0.8554137880672595,proteomics
P28783|ELPNFLK,PCDHB18P,P28783,PCDHB18P,protocadherin beta 18 pseudogene [Source:HGNC Symbol;Acc:HGNC:14548],-0.2491087999999983,0.8554137880672595,proteomics
Q24K15|MMVRPSGI,Q24K15,Q24K15,,,0.051904786666661,0.8554137880672595,proteomics
Q2TBP0|ATEGMVVADK,Q2TBP0,Q2TBP0,,,0.016484066666667,0.8557582840289368,proteomics
P10575|KTQELLSQLPFK,SNHG11,P10575,SNHG11,small nucleolar RNA host gene 11 [Source:HGNC Symbol;Acc:HGNC:25046],-0.0392795300000017,0.8557582840289368,proteomics
Q95140|EDLTEIR,Q95140,Q95140,,,0.061067389999998,0.8574537612768932,proteomics
A4IFA6|ALPGVLAASSR,A4IFA6,A4IFA6,,,-0.0191047833333328,0.8574537612768932,proteomics
Q3ZBD4|KLPGPAVNLSEIQNIK,Q3ZBD4,Q3ZBD4,,,0.0989809133333281,0.8585218548776491,proteomics
A6H779|ITDSTCYSLSR,A6H779,A6H779,,,0.1453246733333308,0.86732750857491,proteomics
Q2KIK0|LLHPIIPEQSTFK,Q2KIK0,Q2KIK0,,,-0.0305569233333393,0.8712988304627048,proteomics
Q58CQ2|NAYVWTLK,Q58CQ2,Q58CQ2,,,0.0278288233333334,0.8744345155468207,proteomics
Q3MHN0|FTIATLPPL,Q3MHN0,Q3MHN0,,,-0.0320972866666764,0.8778094783131194,proteomics
Q17QK3|AIYGNGPSQR,Q17QK3,Q17QK3,,,0.0202185099999958,0.8870196761850258,proteomics
Q9GKN8|GFPNLAFIR,Q9GKN8,Q9GKN8,,,-0.0233202000000005,0.8877026966648811,proteomics
P31096|GDSVAYGLK,P31096,P31096,,,0.011228189999997,0.8886947267761021,proteomics
Q2HJI8|LAIDYGIK,Q2HJI8,Q2HJI8,,,-0.1061620333333372,0.8890342690819214,proteomics
Q3SYV9|ALVQSLLAK,Q3SYV9,Q3SYV9,,,-0.1273016733333385,0.8966997308532705,proteomics
Q9XSJ4|LNVVEQEK,Q9XSJ4,Q9XSJ4,,,0.0108003733333248,0.905874439086358,proteomics
Q2TA10|IYHPNINSNGSICLDILR,Q2TA10,Q2TA10,,,-0.0121150100000022,0.907136051637778,proteomics
Q3T0Z7|NRPSSGSLIQVVTTEGK,Q3T0Z7,Q3T0Z7,,,0.1184256366666716,0.9108815736020708,proteomics
Q3ZBV9|TVGNIEELAAECK,Q3ZBV9,Q3ZBV9,,,-0.0271573033333289,0.9234434439669914,proteomics
Q9BGI2|TREEECHFYAGGQVYPGEVSR,Q9BGI2,Q9BGI2,,,-0.0215956300000073,0.9234434439669914,proteomics
Q3T0F7|GPDGLTAFEATDNQAIK,Q3T0F7,Q3T0F7,,,-0.0205421333333362,0.9283648868382296,proteomics
Q3ZBD0|VVVHPLVLLSVVDHFNR,Q3ZBD0,Q3ZBD0,,,0.0178592500000043,0.9331413155631708,proteomics
Q28105|GVTFPLIIR,Q28105,Q28105,,,0.009747579999999,0.9389731436402072,proteomics
Q3B7M5|LKQQSELQSQVR,Q3B7M5,Q3B7M5,,,-0.0185689600000031,0.9389731436402072,proteomics
Q2KIN5|SVVGTSSLR,Q2KIN5,Q2KIN5,,,0.019650600000002,0.9391394533855132,proteomics
Q2LGB5|IAWTHVTIPEALK,Q2LGB5,Q2LGB5,,,-0.0360832800000068,0.9397650412625276,proteomics
Q05717|GICWCVDK,Q05717,Q05717,,,0.0060707166666595,0.9450244568976168,proteomics
Q5E951|LIEEEAQASTIPVGSR,Q5E951,Q5E951,,,-0.0126286566666706,0.9484080115482848,proteomics
P00514|ECELYVQK,P00514,P00514,,,0.0792491599999998,0.950970002386132,proteomics
Q3MHP2|AITSAYYR,Q3MHP2,Q3MHP2,,,0.0095946433333438,0.950970002386132,proteomics
A3KN22|LVICPDEGFYK,A3KN22,A3KN22,,,0.0129449500000013,0.950970002386132,proteomics
Q7SIB3|AHNQDLGLAGSCLAR,Q7SIB3,Q7SIB3,,,0.0622663066666646,0.950970002386132,proteomics
Q5EAC6|LQAEAQQLR,Q5EAC6,Q5EAC6,,,0.0205863766666674,0.9511847144399443,proteomics
Q3SZ85|LLAETLQQK,Q3SZ85,Q3SZ85,,,0.0487108333333274,0.9520486752788252,proteomics
P27595|ITPELLTR,P27595,P27595,,,-0.2105115733333313,0.9546777833566752,proteomics
P80724|ASEAEAAEPAAPTKDDK,P80724,P80724,,,0.0093107366666664,0.9546777833566752,proteomics
P24627|AFALECIR,LINC00891,P24627,LINC00891,long intergenic non-protein coding RNA 891 [Source:HGNC Symbol;Acc:HGNC:48577],-0.0175621400000061,0.9595519954117672,proteomics
P02638|AVVALIDVFHQYSGR,P02638,P02638,,,0.0086912666666663,0.9595519954117672,proteomics
Q3T0P7|YQTIEENIK,Q3T0P7,Q3T0P7,,,0.0434319533333358,0.9645632771881718,proteomics
Q05443|EDAVSAALK,Q05443,Q05443,,,-0.0024528733333362,0.9672301755644308,proteomics
Q9TU25|AVLCPQPTRPQK,Q9TU25,Q9TU25,,,-0.007722966666666,0.9672301755644308,proteomics
P10096|AITIFQER,SCN1A-AS1,P10096,SCN1A-AS1,SCN1A and SCN9A antisense RNA 1 [Source:HGNC Symbol;Acc:HGNC:54069],-0.0029137933333274,0.970505363295525,proteomics
P46195|PVVLSGPSGAGK,P46195,P46195,,,0.0071303699999987,0.974022623594771,proteomics
Q8SPU5|TSLVGSLLK,Q8SPU5,Q8SPU5,,,0.0242848400000035,0.974022623594771,proteomics
Q58DU5|DGVVFGVEK,Q58DU5,Q58DU5,,,-0.0028455633333344,0.9780609448030416,proteomics
A5D7B2|EAGLFISR,A5D7B2,A5D7B2,,,0.0056852099999993,0.9790110402022774,proteomics
Q5E984|VKPFMTGAAEQIK,Q5E984,Q5E984,,,0.0119157700000016,0.9790110402022774,proteomics
A6N9I4|ALILGIYK,A6N9I4,A6N9I4,,,-0.0455613233333309,0.9790110402022774,proteomics
P22444|AGAAGMLENK,P22444,P22444,,,0.0037456699999971,0.9790923583856506,proteomics
P12624|GEATAERPGEAAVASSPSK,LINC02270,P12624,LINC02270,long intergenic non-protein coding RNA 2270 [Source:HGNC Symbol;Acc:HGNC:53185],-0.0039293533333371,0.9790923583856506,proteomics
Q29S03|VPLPINDMK,Q29S03,Q29S03,,,-0.0243570733333342,0.9838022991261988,proteomics
Q27976|QELEETEIVTK,Q27976,Q27976,,,-0.0028929700000013,0.983925828370686,proteomics
Q3T0F5|FQSLGVAFYR,Q3T0F5,Q3T0F5,,,0.0076392133333236,0.9880513882874636,proteomics
Q0VC82|VMPLIIQGFK,Q0VC82,Q0VC82,,,-0.0030633033333344,0.9897805306840556,proteomics
Q1JP79|DGVWKPTLVILR,Q1JP79,Q1JP79,,,0.0016175499999988,0.9938503486352857,proteomics
Q6URK6|ETQDKYEVVVK,Q6URK6,Q6URK6,,,-0.0003369933333345898,0.995746994852,proteomics
P33046|AVDQLNELSSEANLYR,P33046,P33046,,,-0.0005965966666678924,0.996981550683667,proteomics
Q3ZBF9|LAGDPSEDPGAAPR,Q3ZBF9,Q3ZBF9,,,-0.000873993333332379,0.9971839522198443,proteomics
Q9BDJ6|LAGAQSLQHGQTLGK,Q9BDJ6,Q9BDJ6,,,-0.0012226600000033,0.997331296808452,proteomics
P02584|SSFFVNGLTLGGQK,P02584,P02584,,,0.00011891333333124976,0.9976651338578828,proteomics
